영화명,해당일의 관객수,개봉일,당일 매출액,해당일자 매출총액 대비 해당 영화의 매출비율
쏘우-여섯번의 기회,2397,2010-01-07,18286500,0.7
더 로드,17073,2010-01-07,122211500,4.4
용서는 없다,50747,2010-01-07,374717500,13.6
극장판파워레인저 엔진포스VS 와일드스피릿,9169,2010-01-07,62595500,2.3
파라노말 액티비티,20881,2010-01-13,149683500,6.2
아스트로 보이-아톰의 귀환,9759,2010-01-13,62583500,2.6
아빠가 여자를 좋아해,15775,2010-01-14,109659500,4.3
웨딩드레스,11287,2010-01-14,77103000,3.1
주유소 습격사건 2,54064,2010-01-21,385891000,16.2
500일의 썸머,12130,2010-01-21,87713500,3.7
공주와 개구리,6878,2010-01-21,43981000,1.8
8인: 최후의 결사단,13801,2010-01-21,99519000,4.2
식객2 : 김치전쟁,39297,2010-01-28,275482000,9.8
하모니,97029,2010-01-28,675408500,24.0
꼬마 니콜라,15893,2010-01-28,105964000,3.8
들어는 봤니? 모건 부부,11996,2010-01-28,87197500,3.1
의형제,127542,2010-02-04,909000000,38.2
헤이트 발렌타인데이,1719,2010-02-04,12624500,0.5
공자 춘추전국시대,23192,2010-02-11,168295500,5.7
하늘에서 음식이 내린다면,17734,2010-02-11,145374500,5.0
울프맨,22045,2010-02-11,164138000,5.6
퍼시 잭슨과 번개 도둑,88942,2010-02-11,622041500,21.2
발렌타인 데이,12658,2010-02-11,93114500,3.2
원피스 극장판: 스트롱 월드,8098,2010-02-11,53484000,1.8
평행이론,48594,2010-02-18,347061500,14.2
하치 이야기,9422,2010-02-18,66209500,2.7
클로이,11601,2010-02-25,85068000,4.4
포스 카인드,16344,2010-02-25,115909500,6.0
러블리 본즈,19257,2010-02-25,136745000,7.1
엘라의 모험 2: 백설공주 길들이기,4038,2010-02-25,25952500,1.3
디어 존,15620,2010-03-04,111733000,8.1
이상한 나라의 앨리스,62730,2010-03-04,645794000,46.5
우리가 꿈꾸는 기적: 인빅터스,6131,2010-03-04,41522000,3.0
사랑은 너무 복잡해,12114,2010-03-11,84478000,7.6
대병소장,7341,2010-03-11,52773500,4.7
프롬 파리 위드 러브,25663,2010-03-11,186533000,16.8
사랑은 언제나 진행중,4390,2010-03-11,31121500,2.8
데이브레이커스,11898,2010-03-18,86460500,6.7
무법자,14733,2010-03-18,107903500,8.3
육혈포 강도단,32121,2010-03-18,221661000,17.1
셔터 아일랜드,47303,2010-03-18,339988500,26.3
비밀애,14932,2010-03-25,106468000,9.2
아마존의 눈물,5171,2010-03-25,35215500,3.0
솔로몬 케인,12646,2010-03-25,91898500,7.9
그린 존,35270,2010-03-25,252613000,21.7
타이탄,148355,2010-04-01,1232928000,69.3
폭풍전야,6216,2010-04-01,43857500,2.5
프로포즈 데이,6947,2010-04-08,49831500,4.9
집 나온 남자들,2504,2010-04-08,17541500,1.7
반가운 살인자,24304,2010-04-08,169889000,16.7
크레이지,10433,2010-04-08,76347500,7.5
블라인드 사이드,9692,2010-04-15,68747000,7.2
일라이,15923,2010-04-15,114259500,12.0
베스트셀러,26661,2010-04-15,192263500,20.1
바운티 헌터,4906,2010-04-15,35574000,3.7
작은 연못,2155,2010-04-15,15031000,1.6
킥 애스: 영웅의 탄생,13343,2010-04-22,97223500,9.5
허트 로커,14724,2010-04-22,103755500,10.2
친정엄마,22312,2010-04-22,152754000,15.0
구르믈 버서난 달처럼,40733,2010-04-28,303046500,23.8
아이언맨 2,248798,2010-04-29,1822957000,65.3
브라더스,15821,2010-05-05,121526000,1.5
대한민국 1%,40599,2010-05-05,293992500,3.6
하녀,153013,2010-05-13,1102302500,51.6
로빈 후드,73641,2010-05-13,525724500,24.6
시,5677,2010-05-13,39703000,1.9
나이트메어,13874,2010-05-20,102293500,4.3
드래곤 길들이기,51928,2010-05-20,559440000,23.6
내 깡패 같은 애인,30549,2010-05-20,216807000,9.2
페르시아의 왕자: 시간의 모래,84109,2010-05-27,600672500,37.0
꿈은 이루어진다,8885,2010-05-27,60627500,3.7
엣지 오브 다크니스,35585,2010-06-02,267813500,4.1
방자전,171439,2010-06-02,1341492000,20.4
유령작가,39175,2010-06-02,289967500,4.4
섹스 앤 더 시티 2,30787,2010-06-10,221314500,12.0
베스트 키드,17985,2010-06-10,128136500,7.0
A-특공대,39099,2010-06-10,280770500,15.2
포화속으로,126749,2010-06-16,899784500,45.0
스트리트댄스,9840,2010-06-16,110859500,5.5
엽문2,4351,2010-06-16,31539500,1.6
런어웨이즈,1684,2010-06-24,12177500,0.6
맨발의 꿈,16238,2010-06-24,115338500,5.9
나잇&데이,96580,2010-06-24,697699000,35.7
필립모리스,9707,2010-07-01,70409500,2.7
스플라이스,16341,2010-07-01,121087000,4.7
슈렉 포에버,71648,2010-07-01,790363500,30.4
파괴된 사나이,66505,2010-07-01,488606200,18.8
이클립스,166704,2010-07-07,1199848500,42.7
킬러 인사이드 미,5017,2010-07-07,36589500,1.3
이끼,136515,2010-07-14,1003541500,45.8
명탐정 코난: 천공의 난파선,10726,2010-07-21,68412500,2.4
마법사의 제자,43422,2010-07-21,303632000,10.6
마음이2,32269,2010-07-21,212082000,7.4
인셉션,149246,2010-07-21,1105372500,38.6
극장판 도라에몽: 진구의 인어대해전,10806,2010-07-28,71035500,2.0
오션스,28859,2010-07-28,196024500,5.5
고死 두 번째 이야기: 교생실습,98937,2010-07-28,659675500,18.4
솔트,162930,2010-07-29,1187952500,29.2
아저씨,130766,2010-08-04,968439500,20.6
스텝 업 3D,50312,2010-08-05,546857500,10.4
토이 스토리 3,110392,2010-08-05,1089800500,20.8
오션월드 3D,8013,2010-08-11,84959600,2.3
디센트: Part 2,7894,2010-08-11,59039500,1.6
엑스페리먼트,9234,2010-08-11,66985000,1.8
내니맥피 2: 유모와마법소동,12022,2010-08-11,79222500,2.2
악마를 보았다,116046,2010-08-12,857746500,21.9
라스트 에어벤더,135385,2010-08-19,1389114000,33.5
익스펜더블,42923,2010-08-19,314389000,7.6
폐가,30053,2010-08-19,206644500,5.0
마법천자문: 대마왕의 부활을 막아라,8379,2010-08-19,52160500,1.3
센츄리온,8492,2010-08-26,61495000,2.4
피라냐,51409,2010-08-26,579611500,22.2
프레데터스,25804,2010-08-26,184420500,7.1
죽이고 싶은,13678,2010-08-26,97150500,3.7
에브리바디 올라잇,6716,2010-09-02,47920500,3.1
애프터 라이프,11905,2010-09-02,86945500,5.7
킬러스,26254,2010-09-02,189839000,12.4
뮬란: 전사의 귀환,10862,2010-09-02,76829500,5.0
해결사,76637,2010-09-09,555356000,37.0
마루 밑 아리에티,42664,2010-09-09,309694000,20.6
노다메 칸타빌레 Vol.1,2655,2010-09-09,19024500,1.3
그랑프리,8897,2010-09-16,63840000,3.4
무적자,47632,2010-09-16,346714000,18.4
레지던트 이블 4: 끝나지 않은 전쟁 3D,53947,2010-09-16,657877500,35.0
퀴즈왕,16061,2010-09-16,111886000,5.9
슈퍼  배드,6258,2010-09-16,63384000,3.4
시라노; 연애조작단,29598,2010-09-16,210759000,11.2
먹고 기도하고 사랑하라,42185,2010-09-30,290018500,22.6
방가? 방가!,23996,2010-09-30,170571000,13.3
적인걸: 측천무후의 비밀,10658,2010-10-06,80353500,7.4
레터스 투 줄리엣,5802,2010-10-06,43691000,4.0
검우강호,22761,2010-10-14,158560500,13.9
22 블렛,12589,2010-10-14,91543000,8.0
심야의 F.M.,40351,2010-10-14,295872500,26.0
월 스트리트: 머니 네버 슬립스,27230,2010-10-21,183191500,16.3
참을 수 없는,7503,2010-10-21,54024000,4.8
된장,5033,2010-10-21,36362000,3.2
파라노말 액티비티 2,19421,2010-10-21,142928500,12.7
나탈리,11453,2010-10-28,133589000,8.9
가디언의 전설,12292,2010-10-28,115699800,7.7
부당거래,98139,2010-10-28,719623000,48.2
레드,8239,2010-11-03,62259500,5.4
데블,9209,2010-11-04,67250500,5.4
돌이킬 수 없는,5370,2010-11-04,38734500,3.1
대지진,3209,2010-11-04,22665500,1.8
불량남녀,26930,2010-11-04,192882500,15.6
초능력자,115986,2010-11-10,848807500,55.4
언스토퍼블,13932,2010-11-10,101757000,6.6
스즈미야 하루히의 소실,1419,2010-11-11,10025500,0.5
렛 미 인,21695,2010-11-18,144754000,7.5
두 여자,13255,2010-11-18,95834500,4.9
소셜 네트워크,38356,2010-11-18,267988500,13.8
페스티발,19691,2010-11-18,143784000,7.4
쏘우 3D,13348,2010-11-18,167941000,8.7
스카이 라인,56202,2010-11-24,407428500,32.5
듀 데이트,4229,2010-11-24,31157500,2.5
이층의 악당,22366,2010-11-24,157843500,12.6
더 콘서트,6733,2010-11-25,47483000,3.4
스위치,8021,2010-12-01,48504500,3.8
워리어스 웨이,34950,2010-12-01,244290500,18.9
쩨쩨한 로맨스,52709,2010-12-01,386393000,30.0
라스트 엑소시즘,7077,2010-12-01,49875500,3.9
베리드,5095,2010-12-08,37064000,2.5
나니아 연대기: 새벽 출정호의 항해,32521,2010-12-08,333776000,22.6
김종욱 찾기,48375,2010-12-08,346969500,23.5
투어리스트,84722,2010-12-09,599212000,30.7
해리 포터와 죽음의 성물1,146503,2010-12-15,1017240000,46.0
톨스토이의 마지막 인생,3809,2010-12-15,26913500,1.2
새미의 어드벤쳐,4292,2010-12-15,41029000,1.9
헬로우 고스트,58487,2010-12-22,404683000,17.2
쓰리 데이즈,13586,2010-12-22,96195500,4.1
황해,120482,2010-12-22,888003500,37.8
극장판 포켓 몬스터 DP 「환영의 패왕 조로아크」,17817,2010-12-23,121503500,4.7
트론: 새로운 시작,31211,2010-12-29,349555000,10.9
아메리칸,5585,2010-12-29,40712500,1.3
라스트 갓파더,138687,2010-12-29,987603500,30.9
심장이 뛴다,51561,2011-01-05,378654000,20.1
시즌 오브 더 위치: 마녀 호송단,30959,2011-01-13,224939500,12.4
러브 & 드럭스,34207,2011-01-13,254246000,14.0
세인트 클라우드,5048,2011-01-13,36039000,2.0
꿀벌 하치의 대모험,4649,2011-01-13,29258500,1.6
메가마인드,38769,2011-01-13,393582500,21.7
아프리카 마법여행,4365,2011-01-20,39547500,2.5
글러브,69230,2011-01-20,489326000,31.0
상하이,15462,2011-01-27,112089000,4.3
평양성,60590,2011-01-27,425812000,16.1
타운,7659,2011-01-27,56590000,2.1
걸리버 여행기,84845,2011-01-27,786511000,29.8
그린 호넷,12932,2011-01-27,146178500,5.5
조선명탐정 : 각시투구꽃의 비밀,97036,2011-01-27,695551500,26.4
친구와 연인사이,21100,2011-02-10,156969500,8.1
생텀,45842,2011-02-10,478453500,24.6
라푼젤,22031,2011-02-10,228834300,11.8
아이들...,120980,2011-02-17,842446000,29.2
그대를 사랑합니다,23905,2011-02-17,168657500,5.8
127시간,19091,2011-02-17,137566000,4.8
언노운,30054,2011-02-17,218881500,7.6
만추,102565,2011-02-17,729896500,25.3
아이 엠 넘버 포,45495,2011-02-24,326395000,13.3
블랙 스완,45299,2011-02-24,332753500,13.5
알파 앤 오메가,18922,2011-02-24,138579000,5.6
메카닉,19805,2011-02-24,144953000,5.9
랭고,14312,2011-03-03,104277000,8.3
"사랑한다, 사랑하지 않는다",7864,2011-03-03,56329000,4.5
컨트롤러,30540,2011-03-03,221903500,17.7
월드 인베이젼,66551,2011-03-10,485783000,37.3
사랑이 무서워,18450,2011-03-10,134097000,10.3
파이터,10443,2011-03-10,74866500,5.7
레드 라이딩 후드,24170,2011-03-17,176216500,14.9
비스틀리,13065,2011-03-17,95596500,8.1
굿모닝 에브리원,9425,2011-03-17,68769500,5.8
달빛 길어올리기,6526,2011-03-17,36258500,3.1
킹스 스피치,26011,2011-03-17,182514500,15.4
웨이 백,7394,2011-03-17,52046000,4.4
히어애프터,5585,2011-03-24,38867500,4.0
마이 블랙 미니드레스,20636,2011-03-24,149252500,15.3
로맨틱 헤븐,8036,2011-03-24,56821000,5.8
위험한 상견례,64842,2011-03-31,460557500,40.0
줄리아의 눈,16446,2011-03-31,116911000,10.2
미트 페어런츠 3,7196,2011-03-31,51370000,4.5
베니싱,6661,2011-03-31,47996500,4.2
써커 펀치,15852,2011-04-07,119442000,11.3
라스트 나잇,13696,2011-04-07,98517500,9.3
황당한 외계인: 폴,5002,2011-04-07,36527500,3.5
수상한 고객들,37976,2011-04-14,270742000,25.5
한나,23012,2011-04-14,167123500,15.8
노미오와 줄리엣,4103,2011-04-14,40063000,3.8
나는 아빠다,12948,2011-04-14,93613000,8.8
더 라이트: 악마는 있다,3396,2011-04-20,25051500,2.5
세상에서 가장 아름다운 이별,9195,2011-04-20,64115000,6.3
분노의 질주: 언리미티드,38205,2011-04-20,281280500,27.8
제인 에어,6090,2011-04-20,43192000,4.3
적과의 동침,16115,2011-04-27,114612000,9.5
마오의 라스트 댄서,4021,2011-04-28,28120000,1.5
토르: 천둥의 신,81994,2011-04-28,857350000,47.2
소스 코드,62694,2011-05-04,458953500,21.2
체포왕,35631,2011-05-04,256088000,11.8
워터 포 엘리펀트,5778,2011-05-04,41425000,1.9
써니,55417,2011-05-04,398190000,18.4
짱구는 못말려 극장판 : 초시공! 태풍을 부르는 나의 신부,151961,2011-05-05,1020441500,12.2
썬더일레븐 극장판 : 최강군단 오우거의 습격,56930,2011-05-05,377415500,4.5
천녀유혼,7678,2011-05-12,54277000,4.0
옥보단 3D,10998,2011-05-12,127454500,9.4
삼국지: 명장 관우,10285,2011-05-19,73599500,2.9
캐리비안의 해적: 낯선 조류,182947,2011-05-19,1711807000,67.3
회초리,3834,2011-05-19,24364000,1.0
헤드,8721,2011-05-26,60964500,2.4
쿵푸팬더 2,130076,2011-05-26,1196979000,48.0
마마,8121,2011-06-01,55787000,2.8
엑스맨: 퍼스트 클래스,98052,2011-06-02,711646500,32.6
레지던트,7938,2011-06-02,58533500,2.7
스크림 4G,5337,2011-06-09,40110000,2.5
프리스트,10649,2011-06-09,96479500,5.9
모비딕,35515,2011-06-09,257077000,15.8
화이트: 저주의 멜로디,18589,2011-06-09,134221000,8.3
링컨 차를 타는 변호사,13118,2011-06-16,92888500,5.7
슈퍼 에이트,38882,2011-06-16,293167500,17.9
러브 앤 프렌즈,9123,2011-06-16,63757500,3.9
그린랜턴: 반지의 선택,24205,2011-06-16,183169000,11.2
정무문 : 100대 1의 전설,8345,2011-06-22,61278000,3.9
풍산개,40493,2011-06-23,294115500,17.4
트랜스포머 3,544995,2011-06-29,5494404500,89.4
음모자,2049,2011-06-30,14612500,0.3
고양이: 죽음을 보는 두 개의 눈,56183,2011-07-07,396736500,14.1
초(민망한)능력자들,2541,2011-07-07,17604500,0.6
빨간모자의 진실 2,4324,2011-07-13,31651000,1.0
해리포터와 죽음의 성물2,229946,2011-07-13,1813241000,55.9
포인트 블랭크,5651,2011-07-13,40740500,1.3
퀵,65763,2011-07-20,475927500,17.2
고지전,98066,2011-07-20,709864100,25.7
카 2,10974,2011-07-20,90176000,3.3
바니버디,6733,2011-07-20,43735000,1.6
리오,28871,2011-07-27,230434000,8.6
퍼스트 어벤져,63024,2011-07-28,503623000,14.4
극장판 도라에몽: 진구와 철인군단 날아라 천사들,11402,2011-07-28,76096500,2.2
마당을 나온 암탉,46338,2011-07-28,302867000,8.7
명탐정 코난 : 침묵의 15분,38174,2011-08-03,248638500,5.7
7광구,201006,2011-08-04,1882329500,35.9
블라인드,65555,2011-08-10,486389500,14.6
최종병기 활,140127,2011-08-10,1005479000,30.2
카우보이 & 에이리언,33899,2011-08-11,244899000,6.4
개구쟁이 스머프,48777,2011-08-11,364122000,9.5
로맨틱 크라운,10135,2011-08-17,73124500,2.1
혹성탈출: 진화의 시작,116253,2011-08-17,834112500,23.6
세 얼간이,16209,2011-08-18,115201500,3.4
돈비 어프레이드 : 어둠 속의 속삭임,8589,2011-08-25,62153500,2.8
내 여자친구의 결혼식,7644,2011-08-25,55625500,2.5
행오버 2,7094,2011-08-25,52722500,2.4
샤오린 : 최후의 결전,5495,2011-08-25,37629000,1.7
콜롬비아나,28186,2011-08-31,203374500,10.6
푸른소금,54996,2011-08-31,398245000,20.7
통증,25231,2011-09-07,180705500,11.9
파퍼씨네 펭귄들,10258,2011-09-07,74117500,4.9
가문의 영광4 - 가문의 수난,62553,2011-09-07,455623500,29.9
챔프,9107,2011-09-07,64528000,4.2
파이널 데스티네이션5,12613,2011-09-08,118032500,7.5
샤크 나이트 3D,9998,2011-09-15,94563500,6.2
킬러 엘리트,16920,2011-09-22,122303000,6.7
도가니,136094,2011-09-22,1001031500,54.8
컨테이젼,24292,2011-09-22,182890500,10.0
의뢰인,93065,2011-09-29,671241500,23.5
어브덕션,17551,2011-09-29,121537500,4.3
코쿠리코 언덕에서,12756,2011-09-29,91011500,3.2
카운트다운,33820,2011-09-29,243673000,8.5
투혼,12487,2011-10-06,86823000,5.1
스톤,1995,2011-10-06,14022000,0.8
언피니시드,7713,2011-10-06,54721000,3.2
삼총사 3D,37479,2011-10-12,331937000,19.6
리얼 스틸,63863,2011-10-12,474694000,28.0
비우티풀,713,2011-10-13,5257500,0.3
히트,3691,2011-10-13,26251500,1.6
완득이,59962,2011-10-20,423428000,23.5
파라노말 액티비티 3,9489,2011-10-20,69162000,3.8
오직 그대만,58337,2011-10-20,416459000,23.1
최종병기 활 감독확장판,1075,2011-10-20,7219500,0.4
오늘,6296,2011-10-27,44032500,2.6
프렌즈 위드 베네핏,8016,2011-10-27,57478500,3.5
인 타임,36097,2011-10-27,260102000,15.6
트리 오브 라이프,4082,2011-10-27,28749000,1.7
청원,3543,2011-11-02,23818000,1.6
커플즈,18869,2011-11-02,137492000,9.4
헬프,6059,2011-11-03,41823500,3.0
더 킥,3552,2011-11-03,25571000,1.8
Mr.아이돌,5886,2011-11-03,40900500,2.9
티끌모아 로맨스,44212,2011-11-10,285749500,10.5
신들의 전쟁,86454,2011-11-10,767699500,28.2
너는 펫,54892,2011-11-10,359683000,13.2
머니볼,35378,2011-11-17,249190000,15.3
타워 하이스트,7803,2011-11-17,53179500,3.3
완벽한 파트너,8261,2011-11-17,59522500,3.7
특수본,58276,2011-11-24,401240000,27.5
50/50,9838,2011-11-24,69212500,4.7
퍼펙트 센스,5384,2011-11-24,38913500,2.7
아더 크리스마스,12039,2011-11-25,96837000,4.7
브레이킹 던 part1,109502,2011-11-30,771132500,41.3
오싹한 연애,60615,2011-12-01,426782500,23.3
결정적 한방,5350,2011-12-07,38149000,2.5
블리츠,5379,2011-12-07,39535000,2.6
틴틴 : 유니콘호의 비밀,26272,2011-12-07,227288500,14.7
미션임파서블:고스트프로토콜,264719,2011-12-15,1924102500,65.3
앨빈과 슈퍼밴드3,9569,2011-12-15,61235000,2.1
마이 웨이,110253,2011-12-21,797132000,24.9
셜록홈즈 : 그림자 게임,71772,2011-12-21,507951500,15.9
퍼펙트 게임,33304,2011-12-21,238598000,7.5
극장판 포켓몬스터 베스트 위시 「비크티니와 흑의 영웅 제크로무」,11046,2011-12-22,74625000,2.3
극장판 포켓몬스터 베스트 위시「비크티니와 백의 영웅 레시라무」,11125,2011-12-22,73828500,2.3
프렌즈: 몬스터섬의비밀,32063,2011-12-29,232186000,6.0
원더풀 라디오,60371,2012-01-05,429958500,19.0
다크아워,22325,2012-01-05,179605000,8.0
밀레니엄 : 여자를 증오한 남자들,11033,2012-01-11,85037500,4.7
코알라 키드 : 영웅의 탄생,8326,2012-01-12,55618500,2.5
장화신은 고양이,79382,2012-01-12,688623000,30.8
페이스메이커,22553,2012-01-18,159766000,8.3
부러진 화살,30872,2012-01-18,222597500,11.6
우리는 동물원을 샀다,11972,2012-01-18,82010000,4.3
네버엔딩 스토리,20049,2012-01-18,144287500,7.5
댄싱퀸,46500,2012-01-18,337564000,17.6
잃어버린 세계를 찾아서 2: 신비의 섬,46776,2012-01-19,377188000,16.0
점박이:한반도의 공룡3D,35458,2012-01-26,322727000,10.5
파파,25252,2012-02-01,173001500,8.5
범죄와의 전쟁: 나쁜놈들 전성시대,166041,2012-02-02,1235533500,45.0
해피 피트 2,9570,2012-02-02,75690500,2.8
하이힐을 신고 달리는 여자,6303,2012-02-02,45916500,1.7
워 호스,10906,2012-02-09,75112000,3.4
팅커 테일러 솔저 스파이,11877,2012-02-09,83706500,3.7
토르: 마법망치의 전설,7697,2012-02-09,55716000,2.5
우먼 인 블랙,13589,2012-02-16,95750500,4.0
더 그레이,32199,2012-02-16,231367500,9.7
하울링,103979,2012-02-16,735723000,30.8
고스트 라이더 : 복수의 화신,13001,2012-02-16,90743000,3.8
언더월드 4: 어웨이크닝,18357,2012-02-22,168949500,9.0
레전드 오브 래빗,4663,2012-02-22,31125500,1.6
맨 온 렛지,28012,2012-02-22,201023500,10.7
철의 여인,8690,2012-02-23,61866000,3.0
디스 민즈 워,35337,2012-02-29,250591500,8.6
돌아온 파워레인저 미라클포스,7961,2012-02-29,51495500,1.8
러브픽션,165606,2012-02-29,1188449500,40.6
액트 오브 밸러: 최정예 특수부대,14145,2012-02-29,99483000,3.4
세이프 하우스,13945,2012-02-29,98466500,3.4
화차,74855,2012-03-08,545624000,34.0
존 카터: 바숨 전쟁의 서막,41747,2012-03-08,378683500,23.6
서약,37219,2012-03-14,275989500,15.0
크로니클,31489,2012-03-15,229475500,16.1
저스티스,4592,2012-03-15,32176000,2.3
가비,23878,2012-03-15,166451500,11.7
콘트라밴드,6742,2012-03-22,47873500,3.2
건축학개론,66580,2012-03-22,473831500,31.4
언터처블: 1%의 우정,46216,2012-03-22,330076500,21.9
타이탄의 분노,71799,2012-03-29,629047000,31.5
시체가 돌아왔다,47998,2012-03-29,346333500,17.3
헝거게임: 판엠의 불꽃,39051,2012-04-05,279939000,16.8
코난: 암흑의 시대,4209,2012-04-05,30434000,1.8
간기남,103609,2012-04-11,800772500,11.1
배틀쉽,387879,2012-04-11,2837840000,39.2
인류멸망 보고서,34502,2012-04-11,248226000,3.4
하트 브레이커,4082,2012-04-19,27916000,2.2
킹메이커,4861,2012-04-19,34565000,2.7
은교,60122,2012-04-25,422294000,19.6
어벤져스,214105,2012-04-26,1869885500,57.9
짱구는 못말려 극장판: 태풍을 부르는 황금스파이 대작전,1997,2012-04-26,12924000,0.4
"봄, 눈",1899,2012-04-26,12584500,0.4
백설공주,26499,2012-05-03,185493000,7.1
코리아,68660,2012-05-03,479262000,18.3
로렉스,5348,2012-05-03,34094500,1.3
다크 섀도우,57275,2012-05-10,415465500,20.0
두레소리,2113,2012-05-10,12572000,0.6
데인저러스 메소드,2489,2012-05-10,17285500,0.8
돈의 맛,118042,2012-05-17,835563000,34.3
콜드 라잇 오브 데이,10249,2012-05-17,71968500,3.0
내 아내의 모든 것,87798,2012-05-17,626300000,25.7
레이드 : 첫번째 습격,2600,2012-05-17,18628000,0.8
머신건 프리처,2150,2012-05-24,14531000,0.6
맨 인 블랙 3,141261,2012-05-24,1198527000,48.4
차형사,48130,2012-05-30,343191000,15.9
스노우 화이트 앤 더 헌츠맨,30024,2012-05-30,211254500,9.8
미확인 동영상 : 절대클릭금지,16702,2012-05-30,116850500,5.4
다른나라에서,1843,2012-05-31,13163400,0.5
마다가스카3 : 이번엔 서커스다!,226836,2012-06-06,1791207500,18.4
후궁 : 제왕의 첩,272166,2012-06-06,2084410000,21.4
프로메테우스,177078,2012-06-06,1605118000,16.5
사다코 3D : 죽음의 동영상,16432,2012-06-14,158061000,7.6
더 씽,5038,2012-06-14,35245000,1.7
락아웃: 익스트림미션,33802,2012-06-14,238500500,11.4
페이스 블라인드,11849,2012-06-21,83055000,4.0
미쓰GO,58579,2012-06-21,408312500,19.8
아부의 왕,48745,2012-06-21,335248000,16.3
어메이징 스파이더맨,272155,2012-06-28,2368466000,71.7
캐빈 인 더 우즈,23403,2012-06-28,164739500,5.0
연가시,191274,2012-07-05,1340818500,40.8
미드나잇 인 파리,13947,2012-07-05,97261000,3.0
더 레이븐,18886,2012-07-05,133077500,4.0
헤이와이어,7147,2012-07-05,48908500,1.5
모모와 다락방의 수상한 요괴들,6883,2012-07-05,46445500,1.4
두 개의 달,30747,2012-07-12,210069500,8.3
나는 공무원이다,25462,2012-07-12,174089500,6.9
베스트 엑조틱 메리골드 호텔,5411,2012-07-12,36150000,1.4
스트리트 댄스 2: 라틴배틀,4592,2012-07-12,31481000,1.2
리미트리스,10180,2012-07-12,68895000,2.7
5백만불의 사나이,15351,2012-07-19,104415000,2.4
명탐정 코난: 11번째 스트라이커,13507,2012-07-19,87312000,2.0
다크 나이트 라이즈,441089,2012-07-19,3145772500,71.5
아이스 에이지 4: 대륙 이동설,43227,2012-07-25,321662000,6.1
극장판 도라에몽: 진구와 기적의 섬 애니멀 어드벤처,3673,2012-07-25,22841500,0.4
도둑들,436596,2012-07-25,3018752500,57.4
무서운 이야기,20457,2012-07-25,146309000,2.8
피라냐 3DD,11698,2012-08-01,101707000,1.5
새미의 어드벤쳐 2,68406,2012-08-01,546963000,8.3
락 오브 에이지,15897,2012-08-02,110810500,1.6
빌리와 용감한 녀석들 3D,15196,2012-08-08,100644000,2.2
바람과 함께 사라지다,172048,2012-08-08,1183902000,26.0
나는 왕이로소이다,65664,2012-08-08,418311000,9.2
아메리칸 파이: 19금 동창회,2219,2012-08-09,15699000,0.3
스텝업4 : 레볼루션,79915,2012-08-15,619707000,5.7
토탈 리콜,250229,2012-08-15,1856863000,17.1
R2B: 리턴투베이스,206793,2012-08-15,1503244500,13.9
이웃사람,140700,2012-08-22,996867500,30.5
레드라이트,8337,2012-08-23,57260500,1.7
공모자들,97419,2012-08-29,682434500,25.2
577 프로젝트,10672,2012-08-30,74444000,2.6
미운오리새끼,4352,2012-08-30,29827000,1.1
링컨: 뱀파이어 헌터,46858,2012-08-30,360949000,12.8
익스펜더블 2,35456,2012-09-06,247331000,12.3
본 레거시,95550,2012-09-06,668125500,33.3
피에타,8672,2012-09-06,59581000,3.0
늑대아이,6064,2012-09-13,41223000,1.7
"광해, 왕이 된 남자",169516,2012-09-13,1172310500,46.9
레지던트 이블 5 : 최후의 심판,57821,2012-09-13,492792000,19.7
인시디어스,5373,2012-09-13,37636500,1.5
럼 다이어리,2225,2012-09-20,15966500,0.7
간첩,68841,2012-09-20,450784000,21.1
테드: 황금도시 파이티티를 찾아서,2624,2012-09-20,15968500,0.7
런던 블러바드,1757,2012-09-20,11990500,0.6
19곰 테드,16024,2012-09-27,112712000,3.9
메리다와 마법의 숲,9784,2012-09-27,67650500,2.3
테이큰 2,182891,2012-09-27,1288811000,44.4
나이트폴,1766,2012-09-27,12774000,0.4
점쟁이들,172469,2012-10-03,1242898000,13.2
회사원,106990,2012-10-11,759283000,34.8
프랑켄위니,2385,2012-10-11,20608000,0.9
루퍼,33094,2012-10-11,233054500,10.7
위험한 관계,26832,2012-10-11,181205500,8.3
용의자X,84818,2012-10-18,587347000,30.4
인피니트 콘서트 세컨드 인베이전 에볼루션 더 무비 3D,5974,2012-10-18,67413500,3.5
조조-황제의 반란,8820,2012-10-18,59821000,3.1
로우리스: 나쁜 영웅들,10562,2012-10-18,72354000,3.7
강철대오:구국의 철가방,26768,2012-10-25,179516000,12.0
비정한 도시 감독판,4707,2012-10-25,32039500,2.1
파라노말 액티비티4,7195,2012-10-25,50105500,3.4
007 스카이폴,201303,2012-10-26,1506677500,48.9
파괴자들,2396,2012-10-31,16335000,0.7
복숭아나무,4547,2012-10-31,29431000,1.3
아르고,10631,2012-10-31,72477000,3.1
늑대소년,128787,2012-10-31,877499000,37.4
내가 살인범이다,96151,2012-11-08,679366500,17.7
업사이드 다운,31744,2012-11-08,207685500,5.4
나우이즈굿,5905,2012-11-08,38263500,1.0
자칼이 온다,22076,2012-11-15,146331000,4.5
브레이킹 던 part2,198302,2012-11-15,1355517000,41.3
살인소설,6533,2012-11-15,45267000,1.4
남영동1985,31034,2012-11-22,210200500,7.8
철가방 우수氏,4980,2012-11-22,32018500,1.2
돈 크라이 마미,107365,2012-11-22,721913500,26.8
가디언즈,19554,2012-11-29,161492000,6.5
26년,113921,2012-11-29,778793500,31.5
음치 클리닉,29841,2012-11-29,192366500,7.8
저지드레드 3D,6063,2012-12-06,43925000,2.2
늑대소년-확장판,18475,2012-12-06,125789500,6.2
나의 PS 파트너,72532,2012-12-06,518342500,25.4
원 데이,18480,2012-12-13,125910500,4.4
극장판 파워레인저: 캡틴포스 VS 미라클포스 199 히어로 대결전,3327,2012-12-13,22133000,0.8
호빗: 뜻밖의 여정,158070,2012-12-13,1283006500,45.1
가문의 영광5 - 가문의 귀환,153719,2012-12-19,1087713500,12.8
레미제라블,283842,2012-12-19,2077372000,24.4
극장판 포켓몬스터 베스트위시「큐레무 VS 성검사 케르디오」,90930,2012-12-19,341713250,4.0
주먹왕 랄프,96214,2012-12-19,702503500,8.3
극장판 포켓몬스터 베스트위시「메로엣타의 반짝반짝 음악회」,76967,2012-12-19,252935250,3.0
반창꼬,149211,2012-12-19,1076777000,12.7
잠베지아: 신비한 나무섬의 비밀,73159,2012-12-25,550644000,4.4
타워,431704,2012-12-25,3182200500,25.2
니코: 산타비행단의 모험,80132,2012-12-25,567364000,4.5
라이프 오브 파이,161038,2013-01-01,1465409500,14.8
호두까기인형 3D,5390,2013-01-03,34486000,1.2
박수건달,106959,2013-01-09,759123500,25.7
클라우드 아틀라스,43541,2013-01-09,314888000,10.7
마이 리틀 히어로,13457,2013-01-09,92762000,3.1
파이스토리 : 악당상어 소탕작전,17900,2013-01-10,116495500,4.0
몬스터 호텔,53476,2013-01-17,360754000,10.6
잭 리처,75139,2013-01-17,529329000,15.6
더 임파서블,52425,2013-01-17,364544000,10.7
뽀로로 극장판 슈퍼썰매 대모험,12000,2013-01-23,89109000,2.8
마마,5777,2013-01-23,41084500,1.3
7번방의 선물,152808,2013-01-23,1066485000,33.0
명탐정 코난:은빛 날개의 마술사,19069,2013-01-24,120350000,3.3
베를린,273647,2013-01-30,1914008000,42.8
남쪽으로 튀어,45840,2013-02-06,311539500,8.5
다이하드: 굿 데이 투 다이,69810,2013-02-06,502577000,13.7
눈의 여왕,8088,2013-02-07,48745500,1.3
해양경찰 마르코,6998,2013-02-14,40244000,1.0
실버라이닝 플레이북,14934,2013-02-14,104273500,2.7
헨젤과 그레텔: 마녀 사냥꾼 3D,38390,2013-02-14,293490500,7.5
남자사용설명서,57171,2013-02-14,391172500,10.0
분노의 윤리학,37831,2013-02-21,263006000,7.7
더 자이언트,10459,2013-02-21,62515000,1.8
라스트 스탠드,8221,2013-02-21,56218000,1.6
빌리와 용감한 녀석들 2,19307,2013-02-21,122549000,3.6
신세계,168935,2013-02-21,1182807000,34.5
차이니즈 조디악,22192,2013-02-27,143520500,4.6
스카이포스 3D,9258,2013-02-28,56186000,1.3
잭 더 자이언트 킬러,113999,2013-02-28,822269000,19.7
스토커,50954,2013-02-28,344240500,8.3
오즈 그레이트 앤드 파워풀,19337,2013-03-07,161060500,9.8
사이코메트리,46160,2013-03-07,320415500,19.4
제로 다크 서티,8520,2013-03-07,56581000,3.4
링컨,10078,2013-03-14,65946000,3.4
웜 바디스,77239,2013-03-14,533195000,27.4
알렉스 크로스,2622,2013-03-14,17622000,0.9
파파로티,59752,2013-03-14,401270000,20.6
안나 카레니나,11713,2013-03-21,73400000,4.2
원피스 극장판 Z,3142,2013-03-21,21307500,1.2
장고:분노의 추적자,21879,2013-03-21,146484500,8.4
지슬 - 끝나지 않은 세월2,2864,2013-03-21,19173400,1.1
연애의 온도,90935,2013-03-21,617431000,35.6
웃는 남자,7126,2013-03-28,46443000,2.4
지.아이.조 2,119732,2013-03-28,916710500,46.8
런닝맨,63499,2013-04-04,428871500,28.5
호프 스프링즈,4305,2013-04-04,27789000,1.8
호스트,8467,2013-04-04,56304500,3.7
끝과 시작,6756,2013-04-04,43915500,2.9
전설의 주먹,88068,2013-04-10,610386500,41.6
오블리비언,90976,2013-04-11,643618500,35.9
송 포 유,13901,2013-04-18,91590000,6.9
테이크다운,3291,2013-04-18,21721000,1.6
노리개,21086,2013-04-18,143993000,10.9
로마 위드 러브,9514,2013-04-18,64060500,4.8
뷰티풀 크리처스,9230,2013-04-18,61618500,4.7
에반게리온: Q,7523,2013-04-25,51985000,1.3
아이언맨 3,422504,2013-04-25,3375121500,84.9
피노키오: 당나귀 섬의 비밀,1504,2013-04-25,8682500,0.2
짱구는 못말려 극장판:태풍을 부르는 나와 우주의 프린세스,3506,2013-04-25,22654500,0.6
폭풍우 치는 밤에: 비밀 친구,3872,2013-05-01,25226000,0.5
전국노래자랑,94297,2013-05-01,629058000,11.4
러스트 앤 본,1582,2013-05-02,11175000,0.5
셰임,1188,2013-05-09,8603500,0.5
스니치,4746,2013-05-09,31601000,1.8
고령화 가족,67251,2013-05-09,458194500,26.8
위대한 개츠비,93346,2013-05-16,649972500,26.4
몽타주,83490,2013-05-16,568232000,23.1
크루즈 패밀리,14114,2013-05-16,99120500,4.0
미나문방구,25123,2013-05-16,163352500,6.6
분노의 질주: 더 맥시멈,88558,2013-05-22,630548000,34.1
비포 미드나잇,9725,2013-05-22,66281000,3.6
뜨거운 안녕,4919,2013-05-30,30985000,1.4
애프터 어스,70044,2013-05-30,469459500,22.0
저스트 어 이어,2131,2013-05-30,14020500,0.7
스타트렉 다크니스,73961,2013-05-30,591687500,27.7
백악관 최후의 날,19058,2013-06-05,125228500,2.6
은밀하게 위대하게,498158,2013-06-05,3323467500,68.8
무서운 이야기 2,57861,2013-06-05,382552500,7.9
맨 오브 스틸,178949,2013-06-13,1380655000,51.8
닥터,8963,2013-06-20,62880000,2.1
이별계약,1705,2013-06-20,12011000,0.4
꼭두각시,5360,2013-06-20,36916000,1.2
더 콜,7969,2013-06-20,53269000,1.8
월드 워 Z,239692,2013-06-20,1686274500,57.0
토토의 움직이는 숲,1268,2013-06-20,7999000,0.3
화이트 하우스 다운,60803,2013-06-27,396016500,15.4
라스트 엑소시즘: 잠들지 않는 영혼,1124,2013-06-27,7596000,0.3
더 웹툰: 예고살인,80164,2013-06-27,546527500,21.3
빅 웨딩,5044,2013-06-27,31778500,1.2
감시자들,210052,2013-07-03,1441844500,48.4
쿵후팬더: 영웅의 탄생,923,2013-07-04,5351000,0.2
론 레인저,42702,2013-07-04,288068500,9.7
타이치0 3D,1325,2013-07-04,8605000,0.3
퍼시픽 림,209975,2013-07-11,1656025500,47.8
사이드 이펙트,4096,2013-07-11,26519000,0.8
마스터,1404,2013-07-11,9585000,0.3
미스터 고,94955,2013-07-17,664858000,26.5
토니 스토리: 깡통제국의 비밀,6502,2013-07-18,39315000,1.4
레드: 더 레전드,131462,2013-07-18,878807500,30.4
까밀 리와인드,1078,2013-07-18,7117000,0.2
극장판 도라에몽: 진구의 비밀도구 박물관,8445,2013-07-25,53079500,1.6
더 울버린,138359,2013-07-25,966698000,29.9
마지막 4중주,1672,2013-07-25,11951000,0.4
터보,63108,2013-07-25,419327500,13.0
더 테러 라이브,215832,2013-07-31,1475326500,22.9
설국열차,601029,2013-08-01,4150674000,48.9
개구쟁이 스머프 2,92058,2013-08-01,596053000,7.0
에픽 : 숲속의 전설,53747,2013-08-07,365378500,6.9
명탐정 코난 : 수평선상의 음모,20161,2013-08-07,124998000,2.4
슈퍼윙스 3D,4023,2013-08-14,23217500,0.3
감기,304661,2013-08-14,2012379500,29.3
언어의 정원,3792,2013-08-14,26914500,0.4
숨바꼭질,293917,2013-08-14,1973544000,28.7
R.I.P.D. : 알.아이.피.디.,13515,2013-08-22,91583500,2.5
나우 유 씨 미 : 마술사기단,146606,2013-08-22,991772000,26.6
투 마더스,11201,2013-08-22,74506000,2.0
일대종사,8790,2013-08-22,58841000,1.6
드래곤볼Z : 신들의 전쟁,4821,2013-08-29,32214500,1.1
엘리시움,132038,2013-08-29,924420000,30.3
잡스,33062,2013-08-29,223258500,7.3
바람이 분다,12191,2013-09-05,82336000,4.3
스파이(한),133131,2013-09-05,894351000,46.4
뫼비우스,4959,2013-09-05,33497500,1.7
관상,373552,2013-09-11,2496070000,78.1
슈퍼배드 2,6262,2013-09-12,39735500,1.3
몬스터 대학교,9957,2013-09-12,64242500,2.1
우리 선희,2129,2013-09-12,14733400,0.5
섀도우 헌터스: 뼈의 도시,34177,2013-09-12,225299000,7.5
퍼시 잭슨과 괴물의 바다,12304,2013-09-12,87422500,2.9
컨저링,81130,2013-09-17,549728500,12.3
퍼펙트,2775,2013-09-25,18619500,0.9
블루 재스민,8659,2013-09-25,57736000,2.8
히든 카드,23283,2013-09-26,153990000,8.4
프리즈너스,24147,2013-10-02,163669000,5.6
로덴시아: 마법왕국의 전설,2707,2013-10-02,17311000,0.6
적인걸2 : 신도해왕의 비밀,5539,2013-10-02,37604500,1.3
소원,91705,2013-10-02,610025500,20.8
깡철이,134531,2013-10-02,912569500,31.1
러시 : 더 라이벌,19252,2013-10-09,145626000,2.3
에코 플래닛 3D : 지구 구출 특급 대작전,12785,2013-10-09,81962000,1.3
화이: 괴물을 삼킨 아이,360280,2013-10-09,2714221500,42.2
러브레이스,2134,2013-10-17,13980500,0.6
롤러코스터,27564,2013-10-17,183707500,7.8
킥 애스 2 : 겁없는 녀석들,1970,2013-10-17,13399500,0.6
밤의 여왕,28595,2013-10-17,188319500,8.0
그래비티,110996,2013-10-17,1011294000,42.7
캡틴 필립스,19778,2013-10-23,128508000,7.1
톱스타,19375,2013-10-24,125127000,5.5
배우는 배우다,19832,2013-10-24,134670500,5.9
공범,114573,2013-10-24,760479500,33.1
응징자,24893,2013-10-30,167596500,6.8
노브레싱,44704,2013-10-30,288115500,11.7
토르: 다크 월드,114775,2013-10-30,818198500,33.3
원 오브 어 카인드 3D ; G-DRAGON 2013 1ST WORLD TOUR,1172,2013-10-31,13663500,0.6
동창생,125671,2013-11-06,829715500,35.7
더 퍼지,15120,2013-11-06,109113500,4.7
세이프 헤이븐,2360,2013-11-06,15944500,0.7
소녀,2326,2013-11-07,16334000,0.6
블랙 가스펠,4172,2013-11-14,26997500,0.8
더 파이브,47976,2013-11-14,328675000,9.7
카운슬러,16533,2013-11-14,113890500,3.4
친구 2,304184,2013-11-14,2110674500,62.5
결혼전야,56240,2013-11-21,364250000,16.8
하늘에서 음식이 내린다면 2,11643,2013-11-21,74933500,3.4
헝거게임: 캣칭 파이어,74320,2013-11-21,478142500,22.0
버틀러: 대통령의 집사,8928,2013-11-28,57893000,2.9
리딕,16952,2013-11-28,112917000,5.7
창수,50653,2013-11-28,347658500,17.5
열한시,64960,2013-11-28,426604500,21.5
인시디어스: 두번째 집,47414,2013-12-05,318391500,17.3
오싱,5190,2013-12-05,32940000,1.8
이스케이프 플랜,18880,2013-12-05,126511500,6.9
어바웃 타임,66278,2013-12-05,448313500,24.3
집으로 가는 길,90148,2013-12-11,604185500,29.1
호빗: 스마우그의 폐허,139601,2013-12-12,1062686500,37.6
캐치미,29488,2013-12-18,199920500,6.8
변호인,119949,2013-12-18,848513000,28.7
그렇게 아버지가 된다,2152,2013-12-19,15167500,0.4
세이빙 산타,10624,2013-12-19,61438000,1.7
비행기,10897,2013-12-19,70246500,2.0
다이노소어 어드벤처 3D,11259,2013-12-19,97371500,2.7
썬더와 마법저택,18726,2013-12-24,127945000,1.6
용의자,334061,2013-12-24,2327993000,29.7
저스틴,34142,2013-12-31,218487500,2.8
월터의 상상은 현실이 된다,93788,2013-12-31,644020000,8.3
엔더스 게임,125787,2013-12-31,913825000,11.8
더 울프 오브 월스트리트,38282,2014-01-09,275014000,9.0
타잔 3D,40777,2014-01-09,296202000,9.7
플랜맨,54251,2014-01-09,367503500,12.1
"극장판 포켓몬스터 베스트위시: 신의 속도 게노세크트, 뮤츠의 각성",45532,2014-01-09,287678500,9.4
살인자,12131,2014-01-15,87193000,3.9
잭 라이언 : 코드네임 쉐도우,42588,2014-01-16,294694500,9.5
겨울왕국,160592,2014-01-16,1170458500,37.8
수상한 그녀,142843,2014-01-22,978767500,21.7
남자가 사랑할 때,98730,2014-01-22,697196500,15.5
피끓는 청춘,157026,2014-01-22,1046098500,23.2
극장판 가면라이더 VS 파워레인저 슈퍼히어로 대전,4357,2014-01-23,27826000,0.6
조선미녀삼총사,60234,2014-01-29,391404000,6.1
넛잡: 땅콩 도둑들,26870,2014-01-29,171843500,2.7
인사이드 르윈,6448,2014-01-29,44025000,0.7
폴리스 스토리 2014,17114,2014-01-29,114383000,1.8
또 하나의 약속,27304,2014-02-06,189489500,5.5
레고 무비,6583,2014-02-06,44742500,1.3
프랑켄슈타인: 불멸의 영웅,43029,2014-02-06,299038000,8.6
관능의 법칙,58083,2014-02-13,401253500,13.0
로보캅,92373,2014-02-13,665546000,21.5
신이 보낸 사람,23038,2014-02-13,162470000,5.3
명탐정 코난 : 탐정들의 진혼가,8827,2014-02-13,59048000,1.9
우리별 일호와 얼룩소,5632,2014-02-20,36378000,1.3
찌라시: 위험한 소문,91576,2014-02-20,642206500,22.5
폼페이: 최후의 날,76924,2014-02-20,547859000,19.2
아메리칸 허슬,14272,2014-02-20,100699500,3.5
노예 12년,21698,2014-02-27,151799500,5.3
논스톱,115832,2014-02-27,843053300,29.3
모뉴먼츠 맨: 세기의 작전,11024,2014-02-27,76950400,2.7
300: 제국의 부활,119549,2014-03-06,965214100,46.1
달라스 바이어스 클럽,4746,2014-03-06,35787400,1.7
다이애나,10451,2014-03-06,69591000,3.3
우아한 거짓말,54153,2014-03-13,385691900,20.9
몬스터,67380,2014-03-13,499372600,27.0
원 챈스,9483,2014-03-13,66697800,3.6
엔들리스 러브,2675,2014-03-13,18998900,1.0
벨과 세바스찬,2590,2014-03-20,18175000,0.9
그랜드 부다페스트 호텔,8041,2014-03-20,59262500,2.8
노아,177380,2014-03-20,1284593200,60.3
캡틴 아메리카: 윈터 솔져,166787,2014-03-26,1173000000,53.6
블러드 타이즈,1756,2014-03-27,11766000,0.6
론 서바이버,10300,2014-04-02,74182800,5.9
어거스트: 가족의 초상,6959,2014-04-03,50035300,3.5
쓰리데이즈 투 킬,22745,2014-04-03,163707400,11.4
짱구는 못말려 극장판：엄청 맛있어! B급 음식 서바이벌!,2082,2014-04-03,14435300,1.0
백프로,5451,2014-04-03,38131000,2.7
가시,20553,2014-04-10,146675500,8.9
방황하는 칼날,66643,2014-04-10,480974200,29.2
헤라클레스 : 레전드 비긴즈,26897,2014-04-10,190614200,11.6
선 오브 갓,19897,2014-04-10,134433800,8.2
필로미나의 기적,2414,2014-04-16,16638000,1.5
다이버전트,30913,2014-04-16,224616300,19.6
페이스 오브 러브,4974,2014-04-16,34266800,3.0
니드 포 스피드,9263,2014-04-16,70712400,6.2
한공주,10149,2014-04-17,71373400,6.2
그랜드 피아노,5073,2014-04-17,33810000,2.9
어메이징 스파이더맨 2,192229,2014-04-23,1611578700,77.4
파가니니: 악마의 바이올리니스트,2547,2014-04-23,18977000,0.9
천재 강아지 미스터 피바디,3695,2014-04-24,26301000,1.3
표적,105838,2014-04-30,713159400,19.7
역린,287855,2014-04-30,1933393300,53.4
위크엔드 인 파리,1759,2014-05-01,13350500,0.2
리오 2,45775,2014-05-01,325064000,5.5
몬스터 왕국,2729,2014-05-01,18023800,0.3
디태치먼트,1310,2014-05-08,9287500,0.6
히트맨 NO.2 : 살인면허,1048,2014-05-08,6906000,0.4
라스트베가스,13495,2014-05-08,98709900,6.1
인간중독,89092,2014-05-14,671799900,33.3
트랜센던스,47918,2014-05-14,361383800,17.9
고질라,89080,2014-05-15,730179600,25.2
침입자들 : 로봇의 역습,1378,2014-05-15,9546000,0.3
더 바디,5257,2014-05-22,38248100,1.4
도희야,13512,2014-05-22,99982500,3.6
케이트 맥콜,2529,2014-05-22,20224000,0.7
엑스맨: 데이즈 오브 퓨처 패스트,213000,2014-05-22,1676575600,60.7
그녀,8390,2014-05-22,64126700,2.3
오큘러스,25027,2014-05-29,188892700,7.9
끝까지 간다,79698,2014-05-29,590812000,24.6
말레피센트,56603,2014-05-29,430000100,17.9
극장판 루팡 3세 VS 명탐정 코난,3877,2014-05-29,28648000,1.2
하이힐,13936,2014-06-03,110483800,3.7
마이 블랭키,7464,2014-06-04,53520200,0.6
우는 남자,121991,2014-06-04,1020588600,11.9
엣지 오브 투모로우,377160,2014-06-04,3201954200,37.3
황제를 위하여,39397,2014-06-11,308866100,14.9
밀리언 웨이즈,3258,2014-06-12,23793200,1.1
베스트 오퍼,3513,2014-06-12,25626600,1.2
경주,7922,2014-06-12,55602200,2.5
창문 넘어 도망친 100세 노인,11004,2014-06-18,80983700,4.7
미녀와 야수(프),18629,2014-06-18,138505600,8.0
님포매니악 볼륨1,4350,2014-06-18,32570800,1.9
그레이스 오브 모나코,14123,2014-06-18,100923800,5.8
트랜스포머: 사라진 시대,467419,2014-06-25,3552580600,80.5
이브 생 로랑,1418,2014-06-26,10623100,0.3
소녀괴담,24638,2014-07-02,190736700,7.9
나쁜 이웃들,4923,2014-07-03,38571200,1.2
신의 한 수,181459,2014-07-03,1390445200,43.6
님포매니악 볼륨2,1817,2014-07-03,13843400,0.4
더 시그널,19052,2014-07-09,140091000,5.1
파이어 : 테러와의 전쟁,1636,2014-07-10,11452000,0.3
혹성탈출: 반격의 서막,201723,2014-07-10,1547783900,45.8
좋은 친구들,38128,2014-07-10,290070400,8.6
테레즈 라캥,1259,2014-07-10,9162900,0.3
주온 : 끝의 시작,48923,2014-07-16,358402300,13.4
분신사바 2,9263,2014-07-16,67248800,2.5
프란시스 하,3205,2014-07-17,22972400,0.9
군도: 민란의 시대,551841,2014-07-23,4092186100,74.6
드래곤 길들이기 2,72041,2014-07-23,607293700,11.1
밀애,1420,2014-07-24,6235000,0.1
마담 프루스트의 비밀정원,2124,2014-07-24,15318900,0.3
명량,682701,2014-07-30,4708879000,61.6
터키,14736,2014-07-31,100918300,1.1
어떤 만남,2190,2014-07-31,16427200,0.2
가디언즈 오브 갤럭시,121866,2014-07-31,964659300,10.9
명탐정 코난 : 이차원의 저격수,23648,2014-08-06,159126600,1.8
허큘리스,11709,2014-08-06,86848400,1.0
해적: 바다로 간 산적,273445,2014-08-06,2021392600,23.4
극장판 뛰뛰빵빵 구조대 미션: 둥둥이를 구하라!,2671,2014-08-07,18220700,0.2
비행기 2: 소방구조대,12398,2014-08-13,85322700,1.3
"안녕, 헤이즐",29696,2014-08-13,223415800,3.4
해무(海霧),174827,2014-08-13,1325577900,20.1
극장판 포켓몬스터 AG - 아름다운 소원의 별 지라치,6354,2014-08-13,42859400,0.7
비긴 어게인,12032,2014-08-13,89722200,1.4
익스펜더블 3,18971,2014-08-20,139800600,3.5
내 연애의 기억,7506,2014-08-20,56416400,1.4
터널 3D,19255,2014-08-20,143789600,3.6
더 기버: 기억전달자,13893,2014-08-20,103418500,2.6
인보카머스,11511,2014-08-21,90530700,2.3
더 퍼지 : 거리의 반란,12045,2014-08-27,82599500,2.9
브릭 맨션: 통제불능 범죄구역,20851,2014-08-27,134408800,4.8
닌자터틀,48055,2014-08-28,386296700,12.5
인투 더 스톰,97234,2014-08-28,715548400,23.2
두근두근 내 인생,99364,2014-09-03,715087300,15.3
스텝 업: 올 인,32719,2014-09-03,241417000,5.2
루시,143617,2014-09-03,1120414900,23.9
타짜-신의 손,201749,2014-09-03,1533302500,32.7
선샤인 온 리스,8296,2014-09-03,64069800,1.4
마야,3488,2014-09-04,25398200,0.7
씬 시티: 다크히어로의 부활,14537,2014-09-11,107774700,3.7
쎄븐 플로어,912,2014-09-15,5531000,0.3
메이즈 러너,83355,2014-09-18,613499800,29.2
설계,8031,2014-09-18,58820100,2.8
툼스톤,25970,2014-09-18,189531900,9.0
베리 굿 걸,16519,2014-09-25,116285900,7.2
프랭크,3832,2014-09-25,27478300,1.7
지골로 인 뉴욕,3701,2014-09-25,26042300,1.6
슬로우 비디오,98673,2014-10-02,716393200,20.7
정글히어로,2181,2014-10-02,14288400,0.4
애나벨,81019,2014-10-02,598757700,17.3
마담 뺑덕,67072,2014-10-02,505016600,14.6
"극장판 파워레인저 다이노포스VS고버스터즈 공룡 대결전! ~안녕, 영원한 친구여!~",4251,2014-10-02,29619100,0.9
제보자,107854,2014-10-02,785867900,22.7
초콜렛 도넛,2171,2014-10-02,16367300,0.5
맨홀,26180,2014-10-08,201306600,6.6
드라큘라: 전설의 시작,74586,2014-10-08,578048300,18.8
나의 사랑 나의 신부,88406,2014-10-08,653691400,21.3
컬러풀 웨딩즈,16474,2014-10-16,118628000,6.5
노벰버 맨,29734,2014-10-16,212171800,11.6
타임 투 러브,4720,2014-10-23,32029400,1.7
보이후드,5083,2014-10-23,36528700,2.0
레드카펫,26180,2014-10-23,195502700,10.6
우리는 형제입니다,62171,2014-10-23,448389600,24.3
나를 찾아줘(미),64919,2014-10-23,479906800,26.0
나의 독재자,37015,2014-10-30,261981600,17.0
앵그리스트 맨,2782,2014-10-30,19976200,1.3
내가 잠들기 전에,6705,2014-10-30,48485600,3.1
인터스텔라,227025,2014-11-06,1786133700,67.6
패션왕,48348,2014-11-06,356030000,13.5
왓 이프,2694,2014-11-13,19007500,0.5
울브스,7377,2014-11-13,52126100,1.3
거인,2044,2014-11-13,14635700,0.4
카트,101033,2014-11-13,690142700,17.3
아더 우먼,13185,2014-11-13,95558400,2.4
헝거게임: 모킹제이,88152,2014-11-20,638324600,22.1
퓨리,74695,2014-11-20,544090900,18.8
아빠를 빌려드립니다,13283,2014-11-20,90052300,3.1
꾸뻬씨의 행복여행,7932,2014-11-27,55096100,2.2
빅매치,75112,2014-11-27,542616800,21.8
혼스,2798,2014-11-27,20097000,0.8
"님아, 그 강을 건너지 마오",8607,2014-11-27,63097500,2.5
덤 앤 더머 투,20011,2014-11-27,142557200,5.7
엑소더스: 신들과 왕들,97384,2014-12-03,798166600,38.4
덕수리 5형제,18744,2014-12-04,135924400,6.5
GROW: 인피니트의 리얼 청춘 라이프,4943,2014-12-04,40072500,1.9
"러브, 로지",27335,2014-12-10,196411100,9.2
사랑에 대한 모든 것,31139,2014-12-10,225890200,10.6
국제시장,184756,2014-12-17,1356869800,31.0
호빗: 다섯 군대 전투,188655,2014-12-17,1572116300,36.0
마미,2614,2014-12-18,18909000,0.4
눈의 여왕 2: 트롤의 마법거울,14964,2014-12-24,104070400,1.2
일곱난쟁이,7914,2014-12-24,52117100,0.6
숲속으로,55379,2014-12-24,415843000,4.8
기술자들,274404,2014-12-24,2064901000,23.9
상의원,108567,2014-12-24,828912900,9.6
마다가스카의 펭귄,145138,2014-12-31,1014987800,11.9
개를 훔치는 완벽한 방법,26982,2014-12-31,180845900,2.1
테이큰 3,321653,2015-01-01,2644551100,17.5
언브로큰,26707,2015-01-07,199398300,5.8
패딩턴,15431,2015-01-07,110667200,3.2
워킹걸,14281,2015-01-07,110945200,3.2
타임 패러독스,7866,2015-01-07,59514200,1.7
오늘의 연애,133838,2015-01-14,1032903000,26.7
아메리칸 스나이퍼,19229,2015-01-14,148644600,3.8
허삼관,73635,2015-01-14,551479100,14.3
극장판 포켓몬스터 XY : 파괴의 포켓몬과 디안시,17522,2015-01-14,120201500,3.1
박물관이 살아있다 : 비밀의 무덤,51438,2015-01-14,375793500,9.7
엑스 마키나,8662,2015-01-21,67285300,1.8
빅 히어로,72487,2015-01-21,575543100,15.4
강남 1970,152329,2015-01-21,1184775700,31.6
존 윅,16347,2015-01-21,125397300,3.3
내 심장을 쏴라,60407,2015-01-28,391282000,13.6
빅 아이즈,8225,2015-01-28,54098800,1.9
워터 디바이너,19516,2015-01-28,127332400,4.4
더 이퀄라이저,8629,2015-01-28,59686900,2.1
최강전사 미니특공대 : 새로운 악당의 습격,4074,2015-02-05,29749300,1.3
주피터 어센딩,44373,2015-02-05,376906800,17.0
바다 탐험대 옥토넛 스페셜,3462,2015-02-05,22498800,1.0
쎄시봉,96139,2015-02-05,713911500,32.2
7번째 아들,14457,2015-02-11,110690400,4.4
킹스맨 : 시크릿 에이전트,78058,2015-02-11,605036200,24.3
조선명탐정 : 사라진 놉의 딸,113443,2015-02-11,853823300,34.3
오즈의 마법사: 돌아온 도로시,11579,2015-02-12,79731800,3.1
명탐정 코난 : 코난 실종사건 - 사상 최악의 이틀,8654,2015-02-12,61888500,2.4
도라에몽 : 스탠 바이 미,12675,2015-02-12,89608000,3.5
이미테이션 게임,75824,2015-02-17,569536400,13.7
모데카이,16726,2015-02-18,135181100,1.9
스폰지밥 3D,32216,2015-02-18,249312600,3.4
기생수 파트1,18653,2015-02-26,148722300,4.9
백 투 더 비기닝,36522,2015-02-26,259889900,8.5
그레이의 50가지 그림자,45653,2015-02-26,354173500,11.6
포커스,16554,2015-02-26,119412600,3.9
순수의 시대,61795,2015-03-05,463897100,24.2
세인트 빈센트,7448,2015-03-05,55858000,2.9
버드맨,20555,2015-03-05,156925000,8.2
헬머니,35936,2015-03-05,269220500,14.0
채피,45334,2015-03-12,358404600,16.8
위플래쉬,25816,2015-03-12,193948100,9.1
살인의뢰,80774,2015-03-12,618816400,29.1
소셜포비아,22056,2015-03-12,168883900,7.9
드래곤 블레이드,6413,2015-03-12,46146200,2.2
런 올 나이트,27969,2015-03-19,207339600,12.4
트레이서,3316,2015-03-19,24102100,1.4
신데렐라,34177,2015-03-19,261508600,15.6
인서전트,35995,2015-03-25,235584300,11.0
스물,151161,2015-03-25,981625100,45.6
투캅스 인 파리,2146,2015-03-26,10870000,0.6
송 원,5620,2015-04-01,33560100,1.3
분노의 질주: 더 세븐,135549,2015-04-01,1065238700,40.6
맛있는 택배,2057,2015-04-02,10222000,0.5
팔로우,4885,2015-04-02,37879700,1.8
파울볼,2283,2015-04-02,16891300,0.8
한 번 더 해피엔딩,5356,2015-04-08,38524000,2.6
코블러,4541,2015-04-08,33525700,2.2
뱀파이어 아카데미,2092,2015-04-09,10635000,0.6
장수상회,53241,2015-04-09,375613800,21.8
엘리노어 릭비: 그 남자 그 여자,4682,2015-04-09,35578600,2.1
화장,13888,2015-04-09,100250500,5.8
위자,9069,2015-04-16,68757700,5.0
신은 죽지 않았다,1769,2015-04-16,12816300,0.9
더 건맨,14867,2015-04-16,107625700,7.8
검은손,2126,2015-04-16,15366000,1.1
약장수,4006,2015-04-23,28088200,0.5
"땡큐, 대디",2945,2015-04-23,20566600,0.4
어벤져스: 에이지 오브 울트론,622165,2015-04-23,5238813700,92.6
짱구는 못말려 극장판 : 정면승부! 로봇아빠의 역습,2299,2015-04-23,16572400,0.3
타이거 마운틴,1846,2015-04-23,9389000,0.2
스틸 앨리스,3867,2015-04-29,24234900,0.7
위험한 상견례 2,16506,2015-04-29,102407500,3.0
차이나타운,90899,2015-04-29,623852500,18.1
다이노 타임,2578,2015-04-30,17444600,0.4
빌리와 용감한 녀석들 3,5792,2015-04-30,40239500,1.0
연애의 맛,16462,2015-05-07,125905400,6.8
언프렌디드: 친구삭제,21884,2015-05-07,162422000,8.8
기생수 파트2,9213,2015-05-07,70250600,3.8
위아영,5314,2015-05-14,39672500,1.7
매드 맥스: 분노의 도로,89736,2015-05-14,766408900,32.7
악의 연대기,114540,2015-05-14,862812600,36.8
트래쉬,2087,2015-05-14,14535800,0.6
간신,83605,2015-05-21,634028200,24.3
스파이(미),75330,2015-05-21,567777900,21.8
홈,6632,2015-05-21,47152400,1.8
하나와 앨리스: 살인사건,1833,2015-05-27,13006500,0.6
투모로우랜드,22850,2015-05-27,146666000,6.2
무뢰한,50014,2015-05-27,331691500,14.1
피치 퍼펙트: 언프리티 걸즈,8485,2015-05-28,62915200,3.0
차일드 44,2954,2015-05-28,22009500,1.0
샌 안드레아스,92875,2015-06-03,788535900,42.2
에벌리,2355,2015-06-04,14382000,0.7
은밀한 유혹,21742,2015-06-04,160863300,8.1
령 : 저주받은 사진,6719,2015-06-04,50146700,2.5
쥬라기 월드,274719,2015-06-11,2363615600,74.1
카이트,3234,2015-06-11,18476000,0.6
심야식당,6300,2015-06-18,47508300,1.5
극비수사,181737,2015-06-18,1380352500,42.9
경성학교: 사라진 소녀들,53657,2015-06-18,405288500,12.6
베스트 오브 미,1476,2015-06-18,10745800,0.3
소수의견,34334,2015-06-24,218862300,6.8
연평해전,153400,2015-06-24,1011947000,31.5
19곰 테드 2,18211,2015-06-25,139262200,4.3
나의 절친 악당들,26887,2015-06-25,201933900,6.2
데모닉,7169,2015-06-25,53913700,1.6
터미네이터 제니시스,253699,2015-07-02,2056310900,50.8
라자루스,3137,2015-07-02,24229300,0.6
마돈나,1596,2015-07-02,11701000,0.3
손님,144967,2015-07-09,1056941500,26.8
인사이드 아웃,68222,2015-07-09,514382600,13.0
러덜리스,4315,2015-07-09,32527300,0.8
우먼 인 골드,12067,2015-07-09,90355600,2.3
인시디어스 3,38555,2015-07-09,288966400,7.3
다크 플레이스,8603,2015-07-15,68212300,2.4
쓰리 썸머 나잇,12378,2015-07-15,93747800,3.3
픽셀,68692,2015-07-16,538752600,18.0
극장판 요괴워치: 탄생의 비밀이다냥!,35073,2015-07-22,246330600,4.7
암살,477541,2015-07-22,3593111500,67.9
고녀석 맛나겠다2 : 함께라서 행복해,3712,2015-07-29,25335500,0.4
미니언즈,193689,2015-07-29,1296622500,20.1
미션 임파서블: 로그네이션,471801,2015-07-30,3606583800,43.0
러브 앤 머시,1288,2015-07-30,9327000,0.1
아마조니아,3720,2015-08-05,24865200,0.3
베테랑,414219,2015-08-05,3129197200,35.6
명탐정 코난 : 화염의 해바라기,54213,2015-08-05,369307400,4.2
어느 하녀의 일기,1828,2015-08-06,12970400,0.2
에스엠타운 더 스테이지,4912,2015-08-13,36409000,0.5
숀더쉽,9626,2015-08-13,63889000,1.0
"협녀, 칼의 기억",79801,2015-08-13,593991700,8.9
미쓰 와이프,56370,2015-08-13,404203300,6.1
뷰티 인사이드,114401,2015-08-20,867611000,18.9
판타스틱 4,63458,2015-08-20,466725600,10.2
퇴마: 무녀굴,21790,2015-08-20,168215100,3.7
아메리칸 울트라,30139,2015-08-27,230546300,7.6
미라클 벨리에,6073,2015-08-27,44027000,1.5
치외법권,49585,2015-08-27,365671600,12.1
앤트맨,174587,2015-09-03,1435679500,43.7
러브 라이브! 더 스쿨 아이돌 무비,5474,2015-09-03,41219500,1.3
오피스,46567,2015-09-03,353043000,10.7
히트맨: 에이전트 47,7599,2015-09-03,56749600,1.7
갤로우즈,10524,2015-09-03,80767200,2.5
스트레이트 아웃 오브 컴턴,4393,2015-09-10,34613700,1.8
함정,32277,2015-09-10,250255800,13.1
사랑이 이긴다,2733,2015-09-10,20654000,1.1
셀프/리스,15141,2015-09-10,113650500,5.9
사도,250237,2015-09-16,1876614700,56.9
메이즈 러너: 스코치 트라이얼,111026,2015-09-16,852420600,25.9
극장판 도라에몽 : 진구의 우주영웅기~스페이스 히어로즈~,1861,2015-09-17,11647500,0.4
뮨: 달의 요정,4770,2015-09-24,32809100,1.1
에베레스트,25680,2015-09-24,221171900,7.4
서부전선,47432,2015-09-24,349709600,11.7
지금은맞고그때는틀리다,3525,2015-09-24,27542200,0.9
탐정 : 더 비기닝,50533,2015-09-24,376585300,12.6
인턴,50009,2015-09-24,382655000,12.8
대니 콜린스,6045,2015-09-30,40287700,1.0
주온: 더 파이널,10473,2015-10-01,65389000,2.6
성난 변호사,89466,2015-10-08,659208600,15.2
마션,271226,2015-10-08,2101911000,48.5
팬,15998,2015-10-08,116950300,2.7
더 비지트,7372,2015-10-15,55572400,2.6
트랜스포터: 리퓰드,20329,2015-10-15,153031600,7.2
리그레션,2918,2015-10-15,22117000,1.0
비밀,7539,2015-10-15,54017800,2.5
아델라인 : 멈춰진 시간,3754,2015-10-15,27496300,1.3
특종: 량첸살인기,64516,2015-10-22,483123800,21.0
더 폰,97241,2015-10-22,721519700,31.3
돌연변이,10379,2015-10-22,74638100,3.2
맨 프롬 UNCLE,12715,2015-10-28,79769200,3.6
미안해 사랑해 고마워,6142,2015-10-28,37292300,1.7
그놈이다,97168,2015-10-28,594482700,26.7
어떤살인,2487,2015-10-28,17662500,0.8
하늘을 걷는 남자,19675,2015-10-28,143200000,6.4
더 랍스터,2189,2015-10-29,16739000,0.9
스파이 브릿지,18404,2015-11-05,135278300,5.6
검은 사제들,191090,2015-11-05,1454751000,59.8
더 셰프,19128,2015-11-05,145496200,6.0
이스케이프,4872,2015-11-05,36163700,1.5
007 스펙터,186718,2015-11-11,1439987500,39.2
몬스터 헌트,2037,2015-11-12,14670300,0.4
위아 유어 프렌즈,2658,2015-11-12,20425300,0.6
헝거게임: 더 파이널,46781,2015-11-18,356712800,13.1
아이돌 마스터 무비 : 빛의 저편으로!,2276,2015-11-19,16904000,0.5
프리덤,6456,2015-11-19,43772400,1.3
내부자들,230949,2015-11-19,1756744300,53.0
크림슨 피크,6117,2015-11-25,41542600,1.3
열정같은소리하고있네,59737,2015-11-25,354687300,11.3
괴물의 아이,15416,2015-11-25,92648500,3.0
도리화가,49216,2015-11-25,290767700,9.3
위선자들,3982,2015-11-26,20745500,0.7
극장판 파워레인저 트레인포스 VS 다이노포스 THE MOVIE,3366,2015-11-26,24309200,0.9
사우스포,10637,2015-12-03,78548000,3.2
극적인 하룻밤,35140,2015-12-03,270250900,11.0
시카리오: 암살자의 도시,9599,2015-12-03,72162400,2.9
맥베스,5987,2015-12-03,42222500,1.7
하트 오브 더 씨,44675,2015-12-03,391556900,16.0
레전드,31949,2015-12-10,239332400,10.8
뽀로로 극장판 컴퓨터 왕국 대모험,10545,2015-12-10,72168900,3.3
파더 앤 도터,8076,2015-12-10,55443400,2.5
보루토 - 나루토 더 무비,6308,2015-12-10,45452900,2.1
히말라야,203173,2015-12-16,1493451100,45.2
대호,128396,2015-12-16,941928500,28.5
바닷마을 다이어리,3278,2015-12-17,24695700,0.6
스타워즈: 깨어난 포스,167315,2015-12-17,1451624000,34.9
포켓몬 더 무비 XY 후파: 광륜의 초마신,12091,2015-12-23,85852700,2.6
어린왕자,28252,2015-12-23,195095500,5.8
스누피: 더 피너츠 무비,11200,2015-12-24,79990400,1.2
이웃집에 신이 산다,6667,2015-12-24,52584600,0.8
몬스터 호텔 2,57231,2015-12-24,403348900,5.8
라스트 위치 헌터,24121,2015-12-30,150596700,3.3
조선마술사,115456,2015-12-30,706255000,15.5
내부자들: 디 오리지널,159066,2015-12-31,1228257715,17.8
셜록: 유령신부,396224,2016-01-02,3136359200,26.5
헤이트풀8,11342,2016-01-07,87581200,2.7
포인트 브레이크,32809,2016-01-07,250267000,7.7
굿 다이노,74492,2016-01-07,523650100,16.1
잡아야 산다,8688,2016-01-07,61739700,1.9
짱구는 못말려 극장판: 나의 이사 이야기 선인장 대습격,17073,2016-01-07,119600100,3.7
나를 잊지 말아요,63347,2016-01-07,482064700,14.9
레버넌트: 죽음에서 돌아온 자,124146,2016-01-14,942932000,31.6
구스범스,26744,2016-01-14,193532900,6.5
그날의 분위기,67607,2016-01-14,511107000,17.1
극장판 꼬마버스 타요의 에이스 구출작전,6768,2016-01-21,43983200,2.1
오빠생각,78467,2016-01-21,571183100,26.8
빅쇼트,27454,2016-01-21,212205500,9.9
스티브 잡스,9164,2016-01-21,68012600,3.2
"로봇, 소리",52321,2016-01-27,309466700,16.1
쿵푸팬더3,222044,2016-01-28,1658416200,60.3
세기의 매치,3112,2016-01-28,22308500,0.8
검사외전,526680,2016-02-03,3954268800,83.9
앨빈과 슈퍼밴드: 악동 어드벤처,8575,2016-02-04,58011900,1.3
최강전사 미니특공대: 영웅의 탄생,2955,2016-02-04,21184500,0.5
캐롤,13134,2016-02-04,100429300,2.3
나쁜놈은 죽는다,1285,2016-02-04,9222000,0.2
드레스메이커,7519,2016-02-11,56603800,1.7
극장판 아이엠스타 : 꿈의 오디션!,21376,2016-02-11,153361700,4.6
번개맨,5192,2016-02-11,37523400,1.1
좋아해줘,73132,2016-02-17,545910500,13.3
동주,19124,2016-02-17,139569700,3.4
빌리와 용감한 녀석들: 치킨 히어로,2794,2016-02-17,18834800,0.5
데드풀,252018,2016-02-17,2019314800,49.1
주토피아,35604,2016-02-17,261052300,6.4
대니쉬 걸,5826,2016-02-17,44119500,1.1
순정,56244,2016-02-24,347464800,8.3
스포트라이트,21951,2016-02-24,128058400,3.1
귀향,158174,2016-02-24,962008400,23.1
제 5침공,19795,2016-02-25,145117000,3.8
남과 여,27887,2016-02-25,210198300,5.5
갓 오브 이집트,56814,2016-03-03,455245100,21.3
13시간,11943,2016-03-03,90357100,4.2
룸,7423,2016-03-03,56321500,2.6
널 기다리며,41956,2016-03-10,322557500,18.3
엽문3: 최후의 대결,4181,2016-03-10,32518100,1.8
런던 해즈 폴른,36440,2016-03-10,273311600,15.5
조이,16799,2016-03-10,124294600,7.1
부활,4413,2016-03-17,30103000,2.5
스푹스:MI5,6670,2016-03-17,48487900,4.0
오 마이 그랜파,10818,2016-03-17,81013000,6.6
글로리데이,16442,2016-03-24,123332700,5.2
"헤일, 시저!",4014,2016-03-24,29622800,1.2
배트맨 대 슈퍼맨: 저스티스의 시작,219794,2016-03-24,1796011200,75.1
미스컨덕트,23224,2016-03-30,143579900,10.0
마음이 외치고 싶어해,4949,2016-03-30,28552400,2.0
나의 그리스식 웨딩 2,5692,2016-03-30,34145900,2.4
포레스트: 죽음의 숲,5536,2016-03-30,34463100,2.4
대배우,26847,2016-03-30,158499600,11.0
"날, 보러와요",42192,2016-04-07,323237000,26.8
독수리 에디,16644,2016-04-07,123820700,10.3
트럼보,5267,2016-04-07,37504100,3.1
클로버필드 10번지,33023,2016-04-07,254937600,21.2
33,3705,2016-04-07,25672200,2.1
해어화,74087,2016-04-13,589150300,10.8
헌츠맨: 윈터스 워,111569,2016-04-13,891386900,16.3
시간이탈자,155917,2016-04-13,1295199400,23.7
극장판 프랭키와 친구들: 생명의 나무,10849,2016-04-13,85149100,1.6
트리플 9,7384,2016-04-20,53997600,4.9
위대한 소원,32598,2016-04-21,246363000,19.4
파라노말 액티비티: 더 고스트 디멘션,6854,2016-04-21,52563100,4.1
캡틴 아메리카: 시빌 워,727949,2016-04-27,4948963000,91.0
시크릿 인 데어 아이즈,2678,2016-04-27,16727200,0.3
매직브러시,10983,2016-05-04,72808100,1.6
다이노X 탐험대,3940,2016-05-04,27811700,0.6
극장판 안녕 자두야,9112,2016-05-04,63550000,1.4
탐정 홍길동: 사라진 마을,82893,2016-05-04,621749000,14.0
다이노소어 어드벤처 : 백악기 공룡대백과,5615,2016-05-04,38018500,0.9
엽기적인 그녀 2,15373,2016-05-12,113785400,3.3
나의 소녀시대,5330,2016-05-12,42033100,1.2
곡성,310042,2016-05-12,2356899900,68.3
다이버전트 시리즈: 얼리전트,10035,2016-05-12,74134400,2.1
계춘할망,28793,2016-05-19,206218900,8.3
앵그리버드 더 무비,10198,2016-05-19,74724100,3.0
싱 스트리트,23170,2016-05-19,178996800,7.2
동급생,3188,2016-05-19,22970000,0.9
하드코어 헨리,12773,2016-05-19,101933500,4.1
엑스맨: 아포칼립스,298816,2016-05-25,1944957700,57.0
오베라는 남자,4458,2016-05-25,28018600,0.8
무서운 이야기 3 : 화성에서 온 소녀,11958,2016-06-01,91668000,2.5
아가씨,290024,2016-06-01,2200581820,60.6
미 비포 유,25214,2016-06-01,189314900,5.2
더 보이,4180,2016-06-01,31716300,0.9
정글북,73355,2016-06-09,615508100,17.4
극장판 유희왕 더 다크 사이드 오브 디멘션즈,2232,2016-06-09,16980600,0.5
본 투 비 블루,4226,2016-06-09,32720200,0.9
워크래프트: 전쟁의 서막,114226,2016-06-09,946125700,26.8
컨저링 2,73335,2016-06-09,565533720,16.0
특별수사: 사형수의 편지,75630,2016-06-16,555899700,20.6
닌자터틀 : 어둠의 히어로,27009,2016-06-16,209919100,7.8
크리미널,13518,2016-06-22,101979200,3.2
인디펜던스 데이 : 리써전스,168049,2016-06-22,1375371400,43.1
비밀은 없다,53485,2016-06-23,404585600,14.2
레전드 오브 타잔,84540,2016-06-29,554446600,16.5
사냥,161021,2016-06-29,961451300,28.7
굿바이 싱글,122543,2016-06-29,733983300,21.9
봉이 김선달,136701,2016-07-06,1023319200,33.2
도리를 찾아서,76938,2016-07-06,617720600,20.0
잔예 - 살아서는 안되는 방,9462,2016-07-07,73905300,2.6
트릭,8589,2016-07-13,64448900,2.0
더 웨이브,2510,2016-07-13,18739700,0.6
나우 유 씨 미 2,196279,2016-07-13,1488003800,46.5
데몰리션,3760,2016-07-13,27997800,0.9
언더 워터,29167,2016-07-13,221848100,6.9
나의 산티아고,2859,2016-07-14,20748300,0.7
아이스 에이지: 지구 대충돌,14207,2016-07-20,103244000,1.3
극장판 요괴워치: 염라대왕과 5개의 이야기다냥!,9210,2016-07-20,67322600,0.8
부산행,872673,2016-07-20,6562420000,82.4
제이슨 본,308768,2016-07-27,2048249740,23.6
인천상륙작전,464460,2016-07-27,2922521800,33.7
빅,21181,2016-07-27,143628000,1.7
덕혜옹주,267112,2016-08-03,1980965300,16.7
수어사이드 스쿼드,397666,2016-08-03,3166550200,26.7
명탐정 코난: 순흑의 악몽,79742,2016-08-03,552052500,4.7
마이펫의 이중생활,182044,2016-08-03,1298745100,11.0
국가대표 2,61508,2016-08-10,446883400,6.2
터널,379079,2016-08-10,2833570300,39.3
슈퍼 프렌즈,7403,2016-08-10,53412800,0.7
갤럭시 히어로즈: 라쳇 앤 클랭크,4849,2016-08-17,34628900,0.7
서울역,29389,2016-08-17,220499500,4.6
스타트렉 비욘드,83066,2016-08-17,701970400,14.7
플로렌스,17466,2016-08-24,126851700,4.3
라이트 아웃,57997,2016-08-24,445513550,15.0
올레,12249,2016-08-25,90324800,3.0
고스트버스터즈,32371,2016-08-25,241711700,8.0
이퀄스,15046,2016-08-31,87602300,3.0
메카닉: 리크루트,95756,2016-08-31,596154400,20.4
머니 몬스터,8572,2016-08-31,50474000,1.7
"고산자, 대동여지도",29603,2016-09-07,216150500,7.6
장난감이 살아있다,3874,2016-09-07,28155800,1.0
로빈슨 크루소,2266,2016-09-07,16809100,0.6
거울나라의 앨리스,19058,2016-09-07,145724400,5.1
밀정,287228,2016-09-07,2131489500,74.5
달빛궁궐,3199,2016-09-07,23896700,0.8
아이엠스타 뮤직어워드,16454,2016-09-14,110777600,1.3
벤허,110492,2016-09-14,942820700,11.3
드림 쏭,19694,2016-09-14,156981400,1.9
매그니피센트 7,112370,2016-09-14,964570000,11.6
카페 소사이어티,9431,2016-09-14,81833500,1.0
아이 엠 어 히어로,17795,2016-09-21,141122400,9.5
뉴 스텝업: 어반댄스,3775,2016-09-22,23919600,1.6
대결,5296,2016-09-22,37439500,2.5
설리: 허드슨강의 기적,33583,2016-09-28,203703400,4.7
아수라,475482,2016-09-28,2907847000,67.4
미스 페레그린과 이상한 아이들의 집,80715,2016-09-28,483198800,11.2
브리짓 존스의 베이비,41530,2016-09-28,242184200,5.6
피터와 드래곤,2443,2016-09-28,15091000,0.3
돈 맛,1729,2016-09-29,8419000,0.3
디시에르토,2274,2016-10-05,16488100,0.7
맨 인 더 다크,61267,2016-10-05,481538200,21.6
죽여주는 여자,9685,2016-10-06,67594000,3.0
그물,6805,2016-10-06,49102800,2.2
어카운턴트,9069,2016-10-13,65802000,2.5
럭키,214065,2016-10-13,1595475900,61.0
바스티유 데이,12687,2016-10-13,93436700,3.6
자백,7812,2016-10-13,60128300,2.3
인페르노,60052,2016-10-19,464795500,18.8
키즈모노가타리 II : 열혈편,3284,2016-10-20,25028000,1.0
걷기왕,9130,2016-10-20,66440400,2.8
닥터 스트레인지,435068,2016-10-26,2859676100,63.9
혼숨,32837,2016-10-26,205311000,4.6
선생님의 일기,6861,2016-11-02,44461900,2.2
로스트 인 더스트,8741,2016-11-03,62549400,3.1
무한대를 본 남자,4633,2016-11-03,33167600,1.7
세상에서 고양이가 사라진다면,6373,2016-11-09,42775500,2.6
위자: 저주의 시작,24843,2016-11-09,189803500,11.5
스플릿,33686,2016-11-09,252358900,15.3
당신자신과 당신의 것,2055,2016-11-10,15489000,0.9
감바의 대모험,3503,2016-11-10,23011000,1.4
카페 6,4359,2016-11-16,29099300,0.8
신비한 동물사전,242775,2016-11-16,1975369400,57.0
가려진 시간,71077,2016-11-16,520694500,15.0
하이큐!! 끝과 시작,14989,2016-11-16,108566000,3.1
순종,2554,2016-11-17,17498500,0.5
형,75882,2016-11-23,574152500,25.1
블레어 위치,3599,2016-11-23,27952000,1.2
테일 오브 테일즈,2863,2016-11-24,21990600,0.8
미스 사이공 : 25주년 특별 공연,3133,2016-11-24,59240800,2.3
도성풍운 3,1839,2016-11-30,9871000,0.3
캡틴 판타스틱,2260,2016-11-30,13137000,0.4
언더월드: 블러드 워,15394,2016-11-30,96978400,2.6
미씽: 사라진 여자,139198,2016-11-30,819369900,21.9
두 남자,13912,2016-11-30,85061000,2.3
잭 리처: 네버 고 백,111255,2016-11-30,656290300,17.6
판도라,154652,2016-12-07,1138891200,42.4
아기배달부 스토크,6569,2016-12-07,45405200,1.7
라라랜드,62258,2016-12-07,499764900,18.6
"나, 다니엘 블레이크",1876,2016-12-08,13668200,0.5
원피스 필름 골드,25501,2016-12-08,190008600,6.4
목숨 건 연애,7489,2016-12-14,53470500,1.8
"당신, 거기 있어줄래요",92278,2016-12-14,677051000,22.2
극장판 도라에몽: 신 진구의 버스 오브 재팬,2763,2016-12-21,20592100,0.5
씽,30628,2016-12-21,220602700,5.0
마스터,392856,2016-12-21,2944795900,66.1
포켓몬 더 무비 XY&Z 「볼케니온 : 기계왕국의 비밀」,8494,2016-12-22,61641700,1.5
에곤 쉴레: 욕망이 그린 그림,2138,2016-12-22,16291500,0.4
로그 원: 스타워즈 스토리,145102,2016-12-28,1026654200,22.4
루돌프와 많이있어,12326,2016-12-28,87645800,1.9
하이큐!! 승자와 패자,9955,2016-12-28,63831500,1.4
여교사,19575,2017-01-04,152788900,3.7
패신저스,85044,2017-01-04,652157500,15.6
눈의 여왕 3: 눈과 불의 마법대결,34965,2017-01-04,239802400,5.8
사랑하기 때문에,44941,2017-01-04,334212300,8.0
너의 이름은.,138028,2017-01-04,1032712400,24.8
얼라이드,43776,2017-01-11,330131300,10.4
어쌔신 크리드,60851,2017-01-11,464968400,14.6
반지의 제왕 : 반지원정대 (확장판),5099,2017-01-11,66408900,2.1
모아나,84797,2017-01-12,612702800,19.3
공조,151845,2017-01-18,1145130100,23.8
반지의 제왕 : 두개의 탑 (확장판),3237,2017-01-18,41878600,0.9
더 킹,288966,2017-01-18,2197763200,45.7
터닝메카드W: 블랙미러의 부활,50159,2017-01-18,334154700,7.0
짱구는 못말려 극장판: 폭풍수면! 꿈꾸는 세계 대돌격,8967,2017-01-25,61103000,1.6
레지던트 이블: 파멸의 날,71038,2017-01-25,475128400,12.5
딥워터 호라이즌,12845,2017-01-25,78334600,2.1
라이언,10688,2017-02-01,79505500,2.7
컨택트,54584,2017-02-02,407616000,13.5
트리플 엑스 리턴즈,68598,2017-02-08,536597600,21.6
명탐정 코난: 에피소드 원-작아진 명탐정,15453,2017-02-08,115078400,4.6
발레리나,6787,2017-02-09,44750700,1.4
50가지 그림자: 심연,24738,2017-02-09,192090500,6.0
조작된 도시,157669,2017-02-09,1177376000,36.9
레고 배트맨 무비,7285,2017-02-09,54661700,1.7
그레이트 월,46451,2017-02-15,377515500,12.8
더 큐어,25961,2017-02-15,202013400,6.9
"그래, 가족",8010,2017-02-15,57885300,2.0
재심,121122,2017-02-15,916887400,31.1
트롤,29500,2017-02-16,194536300,6.2
마이펫 오지,16002,2017-02-16,114609700,3.7
존 윅 - 리로드,40988,2017-02-22,257445100,7.2
싱글라이더,65584,2017-02-22,395873500,11.0
핵소 고지,23123,2017-02-22,138404400,3.8
루시드 드림,26333,2017-02-22,161582300,4.5
23 아이덴티티,137005,2017-02-22,851225800,23.7
극장판 소드 아트 온라인 -오디널 스케일-,15368,2017-02-23,112968000,3.5
사일런스,7030,2017-02-28,52392200,1.4
해빙,386128,2017-03-01,3220411500,36.3
눈길,37284,2017-03-01,291392500,3.3
로건,256255,2017-03-01,2278583500,25.7
콩: 스컬 아일랜드,93804,2017-03-08,743887100,39.5
파도가 지나간 자리,3677,2017-03-08,25687600,1.4
걸 온 더 트레인,4046,2017-03-09,29506200,1.7
미녀와 야수(미),166930,2017-03-16,1322211700,60.9
비정규직 특수요원,21892,2017-03-16,156722400,7.2
스페이스 비트윈 어스,4401,2017-03-16,31717200,1.5
골드,4355,2017-03-22,31233800,1.5
아우토반,3707,2017-03-22,26823000,1.3
히든 피겨스,15834,2017-03-23,117138800,4.4
보통사람,35583,2017-03-23,248145500,9.3
극장판 암살교실 : 365일의 시간,2240,2017-03-23,16298000,0.6
밤의 해변에서 혼자,5022,2017-03-23,35911400,1.3
프리즌,168336,2017-03-23,1257773300,47.0
공각기동대 : 고스트 인 더 쉘,114618,2017-03-29,749148100,25.2
원라인,53333,2017-03-29,305148800,10.3
미스 슬로운,3474,2017-03-29,20345100,0.7
데스노트: 더 뉴 월드,4947,2017-03-29,30307000,1.0
라이프,42630,2017-04-05,330951300,18.7
시간위의 집,15518,2017-04-05,116057900,6.6
어느날,24326,2017-04-05,180031700,10.2
링스,1880,2017-04-06,14705500,0.9
패트리어트 데이,9580,2017-04-06,69011900,4.1
아빠는 딸,33396,2017-04-12,244461600,10.1
분노의 질주: 더 익스트림,208481,2017-04-12,1620818400,67.3
흑집사 -북 오브 더 아틀란틱-,3011,2017-04-13,22089000,1.1
지니어스,2955,2017-04-13,21148400,1.0
파운더,3730,2017-04-20,27090800,1.8
파워레인져스: 더 비기닝,10413,2017-04-20,76845000,5.2
오두막,6150,2017-04-20,43087800,2.9
콜로설,3367,2017-04-20,24375000,1.6
더 플랜,4533,2017-04-20,34363600,2.3
임금님의 사건수첩,108463,2017-04-26,640011200,25.7
특별시민,186007,2017-04-26,1114329400,44.8
"서서평, 천천히 평온하게",3034,2017-04-26,18701700,0.8
극장판 또봇: 로봇군단의 습격,3017,2017-04-27,22495600,1.1
극장판 쿠로코의 농구 라스트 게임,5394,2017-04-27,38961500,1.9
스머프: 비밀의 숲,9077,2017-04-28,65677100,2.1
슈퍼 빼꼼: 스파이 대작전,20063,2017-05-03,145901900,1.4
오즈의 마법사 2,7009,2017-05-03,54821600,0.5
보안관,206706,2017-05-03,1707833700,16.7
보스 베이비,237463,2017-05-03,1841294400,18.0
가디언즈 오브 갤럭시 VOL. 2,422412,2017-05-03,3708346100,36.2
목소리의 형태,74057,2017-05-09,576663700,5.8
에이리언: 커버넌트,279185,2017-05-09,2310310850,23.1
석조저택 살인사건,84068,2017-05-09,686422300,6.9
겟 아웃,92124,2017-05-17,703529100,28.3
킹 아서: 제왕의 검,31067,2017-05-17,234956600,9.4
불한당: 나쁜 놈들의 세상,95271,2017-05-17,713315600,28.6
캐리비안의 해적: 죽은 자는 말이 없다,206541,2017-05-24,1614550800,58.4
너와 100번째 사랑,4851,2017-05-25,36050500,1.3
노무현입니다,78816,2017-05-25,586213900,20.9
원더 우먼,206944,2017-05-31,1314211200,34.9
대립군,136240,2017-05-31,800909400,21.3
7번째 내가 죽던 날,4812,2017-05-31,30058000,0.8
베이블레이드 버스트 갓 : 갓 발키리의 탄생,2314,2017-06-01,16030100,0.6
미이라,873117,2017-06-06,7395114400,58.7
악녀,73305,2017-06-08,543427900,20.7
용순,1236,2017-06-08,8979500,0.3
심야식당 2,3355,2017-06-08,24197300,0.9
하루,77978,2017-06-15,582488900,29.3
엘르,1874,2017-06-15,13215200,0.7
나의 붉은고래,6571,2017-06-15,48763200,2.5
트랜스포머: 최후의 기사,285979,2017-06-21,2238537300,69.7
다크 하우스,8171,2017-06-22,62210400,2.5
더 서클,10401,2017-06-22,77967000,3.1
리얼,146965,2017-06-28,887028600,30.0
지랄발광 17세,6369,2017-06-28,37818900,1.3
박열,201987,2017-06-28,1184873200,40.1
옥자,23137,2017-06-29,173090600,7.6
스파이더맨: 홈 커밍,545302,2017-07-05,4247740050,84.8
그 후,2170,2017-07-06,15539300,0.4
베를린 신드롬,998,2017-07-06,7179000,0.2
플립,14315,2017-07-12,105250200,4.3
내 사랑,11526,2017-07-12,82833300,3.4
예수는 역사다,7960,2017-07-13,53225900,2.3
카3: 새로운 도전,17037,2017-07-13,113212200,4.9
47 미터,72116,2017-07-19,535406300,24.6
내가 죽기 전에 가장 듣고 싶은 말,6015,2017-07-19,44130700,2.0
덩케르크,224242,2017-07-20,1776036300,50.4
극장판 짱구는 못말려 : 습격!! 외계인 덩덩이,8423,2017-07-20,59775600,1.7
위시 어폰,9819,2017-07-20,73346000,2.1
송 투 송,3906,2017-07-26,24039800,0.3
군함도,972161,2017-07-26,6109565800,71.4
슈퍼배드 3,195774,2017-07-26,1210810000,14.1
명탐정 코난:진홍의 연가,94241,2017-08-02,645190000,6.7
택시운전사,698088,2017-08-02,5116354700,53.4
이모티: 더 무비,6710,2017-08-02,46349500,0.5
파리로 가는 길,4001,2017-08-03,29270800,0.3
빅풋 주니어,21379,2017-08-09,140996300,2.1
청년경찰,308298,2017-08-09,2252747600,34.2
애나벨 : 인형의 주인,154719,2017-08-10,1145172900,16.5
극장판 도라에몽: 진구의 남극 꽁꽁 대모험,16752,2017-08-10,110028400,1.6
혹성탈출: 종의 전쟁,568300,2017-08-15,4728549700,29.5
드래곤 스펠: 마법 꽃의 비밀,24018,2017-08-15,183387600,1.1
장산범,121834,2017-08-17,918972900,17.7
공범자들,9721,2017-08-17,73205900,1.4
브이아이피,174011,2017-08-23,1323933200,33.5
다크타워: 희망의 탑,14517,2017-08-23,107372200,2.7
더 테이블,6504,2017-08-24,49741400,1.3
아토믹 블론드,27662,2017-08-30,163448800,5.0
로마의 휴일,24402,2017-08-30,143614500,4.4
킬러의 보디가드,123601,2017-08-30,749584000,22.9
발레리안: 천 개 행성의 도시,70846,2017-08-30,422633400,12.9
그것,76925,2017-09-06,607948000,21.9
살인자의 기억법,143580,2017-09-06,1070193300,38.6
매혹당한 사람들,5619,2017-09-06,39982500,1.4
극장판 에그엔젤 코코밍: 푸르밍과 두근두근 코코밍 세계,9446,2017-09-07,65878600,2.5
저수지 게임,8196,2017-09-07,60946600,2.3
"좋아해, 너를",3967,2017-09-14,31023200,1.6
베이비 드라이버,51772,2017-09-14,388963100,20.2
아메리칸 메이드,49188,2017-09-14,359380500,18.7
윈드 리버,4393,2017-09-14,31266600,1.6
몬스터 콜,5948,2017-09-14,43187600,2.2
인비저블 게스트,6126,2017-09-21,46803000,2.9
아이 캔 스피크,87136,2017-09-21,634048900,39.6
잃어버린 도시 Z,7901,2017-09-21,56526900,3.5
킹스맨: 골든 서클,481948,2017-09-27,3056786300,72.9
우리의 20세기,1475,2017-09-27,9725000,0.2
극장판 요괴워치: 하늘을 나는 고래와 더블세계다냥!,5975,2017-09-27,36674500,0.9
레고 닌자고 무비,3588,2017-09-28,25104500,0.8
남한산성,444585,2017-10-03,3669119900,39.1
매직울프,8332,2017-10-03,62412800,0.7
넛잡 2,27229,2017-10-03,205463700,2.2
범죄도시,164399,2017-10-03,1377207900,14.7
딥,24826,2017-10-03,193615100,2.1
블레이드 러너 2049,35745,2017-10-12,288515000,11.3
나의 엔젤,957,2017-10-12,6498500,0.3
"나는 내일, 어제의 너와 만난다",3230,2017-10-12,23924200,0.9
희생부활자,49100,2017-10-12,359864000,14.1
대장 김창수,44469,2017-10-19,319668700,12.9
지오스톰,87805,2017-10-19,699873800,28.3
마더!,6976,2017-10-19,51129800,2.1
노 게임 노 라이프 -제로-,8513,2017-10-19,67287000,2.7
토르: 라그나로크,415741,2017-10-25,2590457400,64.0
유리정원,3933,2017-10-25,23059000,0.6
너의 췌장을 먹고 싶어,38923,2017-10-25,223629700,5.5
뷰티풀 투모로우,9883,2017-10-26,83877200,2.8
메소드,2857,2017-11-02,21924900,0.8
침묵,57510,2017-11-02,420845300,15.3
직쏘,17581,2017-11-02,142638500,5.2
내게 남은 사랑을,2181,2017-11-02,14573500,0.5
부라더,100941,2017-11-02,746500200,27.1
해피 데스데이,45059,2017-11-08,341139800,17.0
러빙 빈센트,6918,2017-11-09,52621500,2.5
리빙보이 인 뉴욕,4417,2017-11-09,33777400,1.6
채비,13267,2017-11-09,90017700,4.2
미옥,50553,2017-11-09,371690200,17.4
저스티스 리그,153553,2017-11-15,1246482600,41.2
7호실,55985,2017-11-15,407772400,13.5
페이트 스테이 나이트 헤븐즈필 제1장 프레시지 플라워,9271,2017-11-16,67408200,2.2
꾼,213172,2017-11-22,1564888600,62.1
키드냅,3615,2017-11-22,26200800,1.0
역모-반란의 시대,5727,2017-11-23,40740400,1.5
기억의 밤,97245,2017-11-29,561258200,17.8
반드시 잡는다,59907,2017-11-29,355845700,11.3
오리엔트 특급 살인,94340,2017-11-29,556848900,17.7
메리와 마녀의 꽃,40101,2017-12-07,293485000,13.8
뽀로로 극장판 공룡섬 대모험,20700,2017-12-07,143674000,6.7
어쌔신: 더 비기닝,31793,2017-12-07,229981200,10.8
산상수훈,3082,2017-12-07,19084000,0.9
강철비,236952,2017-12-14,1711379500,48.7
튤립 피버,7731,2017-12-14,57373500,1.6
극장판 숲의 요정 페어리루 ~크리스마스의 기적: 마법의 날개~,3383,2017-12-14,23251900,0.7
스타워즈: 라스트 제다이,115246,2017-12-14,966980200,27.5
위대한 쇼맨,40995,2017-12-20,306750400,6.5
신과함께-죄와 벌,406365,2017-12-20,2984150800,63.2
몬스터 패밀리,12201,2017-12-21,74273100,1.5
극장판 포켓몬스터 너로 정했다!,14583,2017-12-21,101868900,2.1
더 크리스마스,4525,2017-12-21,25972100,0.5
1987,331736,2017-12-27,1973650400,32.3
원더,12864,2017-12-27,79340700,1.3
극장판 프리파라 모두의 동경♪ 렛츠고☆프리파리,8122,2017-12-28,57539500,1.0
쥬만지: 새로운 세계,124781,2018-01-03,946055400,19.2
페르디난드,55641,2018-01-03,377615000,7.7
다운사이징,32562,2018-01-11,247341600,6.3
하이큐!! 콘셉트의 싸움,3869,2018-01-11,27030500,0.7
코코,106921,2018-01-11,801853900,20.5
"쏘아올린 불꽃, 밑에서 볼까? 옆에서 볼까?",8183,2018-01-11,60159600,1.5
그것만이 내 세상,126797,2018-01-17,964523300,19.9
다키스트 아워,1796,2018-01-17,12944000,0.3
메이즈 러너: 데스 큐어,225510,2018-01-17,1752986100,36.2
젝스키스 에이틴,6765,2018-01-18,49236400,1.1
주문은 토끼입니까?? ~디어 마이 시스터~,5773,2018-01-18,40877500,1.0
리틀 뱀파이어,2646,2018-01-18,17487300,0.4
커뮤터,35006,2018-01-24,265166800,9.0
비밥바룰라,8922,2018-01-24,64972100,2.2
1급기밀,24259,2018-01-24,181680800,6.2
극장판 레이디버그: 미라클스톤의 비밀,3801,2018-01-25,25749500,0.9
12 솔져스,25712,2018-01-31,159644500,3.7
인시디어스4: 라스트 키,102991,2018-01-31,628833500,14.6
염력,264711,2018-01-31,1617241600,37.4
마야2,6242,2018-02-01,43195300,1.6
더 포리너,8178,2018-02-07,63424700,3.9
조선명탐정: 흡혈괴마의 비밀,142796,2018-02-08,1062967600,46.8
패딩턴 2,13670,2018-02-08,97195300,4.3
명탐정 코난:감벽의 관,41627,2018-02-14,285572800,3.7
흥부: 글로 세상을 바꾼 자,43694,2018-02-14,335132900,4.3
골든슬럼버,161564,2018-02-14,1234112400,15.9
블랙 팬서,630461,2018-02-14,5055433500,65.0
50가지 그림자: 해방,21009,2018-02-21,167851300,7.0
월요일이 사라졌다,26575,2018-02-22,210779900,8.9
셰이프 오브 워터: 사랑의 모양,22660,2018-02-22,176081700,7.4
리틀 포레스트,131350,2018-02-28,779250900,18.7
더 포스트,14731,2018-02-28,93416100,2.2
궁합,175057,2018-02-28,1060297900,25.5
게이트,13723,2018-02-28,89426200,2.2
나미야 잡화점의 기적,49465,2018-02-28,299807100,7.2
레드 스패로,17633,2018-02-28,111196600,2.7
사라진 밤,57161,2018-03-07,438121700,26.2
온리 더 브레이브,9193,2018-03-07,70006000,4.2
플로리다 프로젝트,5187,2018-03-07,40965600,2.5
툼레이더,59418,2018-03-08,460361800,23.4
치즈인더트랩,32805,2018-03-14,261562900,13.2
로건 럭키,3238,2018-03-14,23103800,1.2
지금 만나러 갑니다,89772,2018-03-14,682198900,34.3
허리케인 하이스트,18997,2018-03-14,144418300,7.3
쓰리 빌보드,5236,2018-03-15,39847700,2.3
퍼시픽 림: 업라이징,114862,2018-03-21,924423500,43.1
콜 미 바이 유어 네임,11781,2018-03-22,92179400,4.9
소공녀,4421,2018-03-22,33201800,1.8
막달라 마리아: 부활의 증인,3214,2018-03-28,20066000,0.5
레디 플레이어 원,149784,2018-03-28,1005005000,26.4
곤지암,198365,2018-03-28,1256715400,33.0
7년의 밤,124688,2018-03-28,737244400,19.3
레이디 버드,8017,2018-04-04,59284000,3.2
바람 바람 바람,95534,2018-04-05,712977000,30.1
문호 스트레이독스 [데드 애플],2419,2018-04-05,18153000,0.8
덕구,17766,2018-04-05,124011100,5.2
"그날, 바다",24593,2018-04-12,192056800,9.4
램페이지,74779,2018-04-12,604887250,29.5
콰이어트 플레이스,35950,2018-04-12,288307000,14.0
머니백,7666,2018-04-12,56316100,2.7
몬태나,3775,2018-04-19,27613900,2.0
나를 기억해,18797,2018-04-19,153116700,11.1
크리미널 스쿼드,4826,2018-04-19,36684600,2.7
어벤져스: 인피니티 워,980042,2018-04-25,6929271100,95.1
클레어의 카메라,1255,2018-04-25,8046300,0.1
살인소설,7827,2018-04-25,49784000,0.7
당갈,7976,2018-04-25,65090500,0.9
레오나르도 다 빈치,869,2018-04-26,6933300,0.1
챔피언,139965,2018-05-01,1101385100,14.8
커다랗고 커다랗고 커다란 배,1683,2018-05-03,12093900,0.4
원더스트럭,3119,2018-05-03,23829100,0.8
매직빈,2185,2018-05-03,16359300,0.5
얼리맨,2697,2018-05-03,17353100,0.6
샷 콜러,1689,2018-05-04,9925400,0.2
레슬러,63660,2018-05-09,503920900,28.5
중2병이라도 사랑이 하고 싶어! 테이크 온 미,2930,2018-05-10,23896600,1.5
루비 스팍스,2726,2018-05-10,22336500,1.4
씨 오브 트리스,1059,2018-05-10,8786000,0.5
피터 래빗,4019,2018-05-16,28682100,0.8
임을 위한 행진곡,1942,2018-05-16,14730700,0.4
데드풀 2,356445,2018-05-16,3042723300,79.8
"안녕, 나의 소녀",5199,2018-05-16,39197500,1.0
마징가 Z: 인피니티,1438,2018-05-17,11392500,0.3
버닝,54088,2018-05-17,446362600,13.1
트루스 오어 데어,54911,2018-05-22,479675300,5.3
독전,376530,2018-05-22,3378735600,37.5
한 솔로: 스타워즈 스토리,19176,2018-05-24,184755200,7.1
데자뷰,15214,2018-05-30,90004900,3.1
"스탠바이, 웬디",6527,2018-05-30,37856300,1.3
디트로이트,2486,2018-05-31,20034200,1.0
극장판 포켓몬스터DP - 디아루가 VS 펄기아 VS 다크라이,79430,2018-06-06,597761900,4.3
벅스 프렌즈,12769,2018-06-06,101431700,0.7
호비와 매직 아일랜드,3952,2018-06-06,28765500,0.2
쥬라기 월드: 폴른 킹덤,1183496,2018-06-06,10312367000,74.5
아이 필 프리티,25708,2018-06-06,230819900,1.7
유전,17859,2018-06-07,147495800,4.9
토니스토리2: 고철왕국의 친구들,6441,2018-06-13,49774000,0.6
탐정: 리턴즈,235184,2018-06-13,2043182700,23.3
오션스8,195523,2018-06-13,1751397800,20.0
여중생A,11085,2018-06-20,85906300,4.0
아일라,3973,2018-06-21,28351800,1.4
미드나잇 선,12067,2018-06-21,88025800,4.2
허스토리,44340,2018-06-27,257451300,9.2
시카리오: 데이 오브 솔다도,37187,2018-06-27,222528700,8.0
마녀,121990,2018-06-27,738666200,26.5
앤트맨과 와스프,404151,2018-07-04,3423533400,71.3
변산,43149,2018-07-04,336347900,7.0
스카이스크래퍼,78615,2018-07-11,632336000,21.3
"오늘 밤, 로맨스 극장에서",4552,2018-07-11,36438800,1.2
킬링 디어,4552,2018-07-12,38695800,1.5
속닥속닥,56855,2018-07-13,505635600,12.0
인크레더블 2,122594,2018-07-18,1006229800,35.8
독전: 익스텐디드 컷,19998,2018-07-18,123546900,4.4
호텔 아르테미스,16931,2018-07-18,132917700,4.7
이별의 아침에 약속의 꽃을 장식하자,5227,2018-07-19,43197100,1.7
신은 죽지 않았다 3: 어둠 속의 빛,8177,2018-07-19,58901800,2.3
해적왕 작스톰,1267,2018-07-25,10477900,0.2
인랑,274510,2018-07-25,1692595700,24.9
신비아파트: 금빛 도깨비와 비밀의 동굴,36633,2018-07-25,244738500,3.6
미션 임파서블: 폴아웃,601935,2018-07-25,3905685200,57.4
어느 가족,7067,2018-07-26,53787400,1.0
신과함께-인과 연,1246603,2018-08-01,9684810000,69.5
극장판 헬로카봇 : 백악기 시대,162242,2018-08-01,1145177500,8.2
공작,333316,2018-08-08,2638788700,29.4
몬스터 호텔 3,86565,2018-08-08,591579000,6.6
명탐정 코난 : 제로의 집행인,87322,2018-08-08,620226200,6.9
맘마미아!2,145931,2018-08-08,1162055100,13.0
메가로돈,157303,2018-08-15,1363704400,8.5
목격자,368981,2018-08-15,3195156400,19.9
극장판 도라에몽: 진구의 보물섬,61884,2018-08-15,471207400,2.9
나를 차버린 스파이,29368,2018-08-22,244827300,6.8
너의 결혼식,99411,2018-08-22,794659400,22.0
마일22,9224,2018-08-23,73262800,2.7
서치,61992,2018-08-29,373410100,10.7
상류사회,131795,2018-08-29,843052500,24.3
양말요정 휴고의 대모험,2115,2018-09-06,12390200,0.6
업그레이드,18202,2018-09-06,154818700,7.7
어드리프트:우리가 함께한 바다,8250,2018-09-06,64196150,3.2
물괴,105255,2018-09-12,839276950,40.3
더 프레데터,28926,2018-09-12,235780200,11.3
안시성,122859,2018-09-19,977031400,27.7
협상,81031,2018-09-19,646188400,18.3
더 넌,98719,2018-09-19,807398600,22.9
명당,108903,2018-09-19,872730650,24.7
극장판 뽀잉: 슈퍼 변신의 비밀,4161,2018-09-20,28945600,0.9
극장판 요괴워치 섀도사이드: 도깨비왕의 부활,2136,2018-09-20,14967150,0.5
체실 비치에서,2053,2018-09-20,15586200,0.5
루이스,4066,2018-09-20,29947400,0.9
에그엔젤 코코밍: 두근두근 핼러윈 파티,11237,2018-09-22,89051000,0.9
원더풀 고스트,163644,2018-09-26,1192611300,11.1
파이널 포트레이트,1597,2018-09-27,12662050,0.4
곰돌이 푸 다시 만나 행복해,78478,2018-10-03,662450350,5.0
암수살인,439309,2018-10-03,3864284950,29.3
셜록 놈즈,25769,2018-10-03,197847050,1.5
베놈,740661,2018-10-03,6536664400,49.6
다이노 어드벤처2: 육해공 공룡 대백과,17883,2018-10-09,138025850,1.9
극장판 가면라이더 이그제이드: 트루 엔딩,10667,2018-10-09,83155150,1.2
스타 이즈 본,35127,2018-10-09,314580400,4.4
리즈와 파랑새,6653,2018-10-09,55706000,0.8
에브리데이,3399,2018-10-11,29401700,1.5
미쓰백,21887,2018-10-11,175564100,9.2
킨: 더 비기닝,2355,2018-10-11,18833600,1.0
노크: 초대받지 않은 손님,2976,2018-10-11,24815000,1.3
퍼스트맨,70842,2018-10-18,616795600,32.8
배반의 장미,9499,2018-10-18,76960950,4.1
펭귄 하이웨이,2557,2018-10-18,19820050,1.1
창궐,156629,2018-10-25,1238347750,53.3
크레이지 리치 아시안,18773,2018-10-25,151752700,6.5
나츠메 우인장: 세상과 연을 맺다,7206,2018-10-31,46520000,1.2
벽 속에 숨은 마법시계,42726,2018-10-31,248716200,6.2
완벽한 타인,274118,2018-10-31,1658691350,41.5
할로윈,32534,2018-10-31,205699150,5.1
보헤미안 랩소디,110477,2018-10-31,760190950,19.0
동네사람들,54297,2018-11-07,429188850,14.4
여곡성,11477,2018-11-08,97311400,3.2
신비한 동물들과 그린델왈드의 범죄,272339,2018-11-14,2276842950,51.0
출국,4830,2018-11-14,36413500,0.8
번 더 스테이지: 더 무비,76800,2018-11-15,616136000,13.3
해피 투게더,3191,2018-11-15,21806500,0.5
너의 췌장을 먹고 싶어,8615,2018-11-15,61253750,1.3
툴리,3020,2018-11-22,26844400,0.8
베일리 어게인,7146,2018-11-22,58970800,1.8
성난황소,135764,2018-11-22,1063308250,32.1
국가부도의 날,301330,2018-11-28,1800650600,39.9
거미줄에 걸린 소녀,5208,2018-11-28,33787050,0.7
국가부도의 날,301330,2018-11-28,1800650600,39.9
후드,58586,2018-11-28,357404000,7.9
후드,58586,2018-11-28,357404000,7.9
거미줄에 걸린 소녀,5208,2018-11-28,33787050,0.7
도어락,122978,2018-12-05,959146850,28.3
모털 엔진,45519,2018-12-05,386672850,11.4
모털 엔진,45519,2018-12-05,386672850,11.4
런닝맨 : 풀룰루의 역습,6486,2018-12-05,45284100,1.3
런닝맨 : 풀룰루의 역습,6486,2018-12-05,45284100,1.3
도어락,122978,2018-12-05,959146850,28.3
호두까기 인형과 4개의 왕국,36136,2018-12-06,282801300,8.1
헌터 킬러,5606,2018-12-06,44313700,1.3
헌터 킬러,5606,2018-12-06,44313700,1.3
호두까기 인형과 4개의 왕국,36136,2018-12-06,282801300,8.1
트와이스랜드,5042,2018-12-07,45101000,1.0
트와이스랜드,5042,2018-12-07,45101000,1.0
엘리엇과 산타 썰매단,4865,2018-12-12,29766300,1.1
모어 댄 블루,4049,2018-12-12,33008600,1.2
모어 댄 블루,4049,2018-12-12,33008600,1.2
부탁 하나만 들어줘,17216,2018-12-12,139198300,5.0
엘리엇과 산타 썰매단,4865,2018-12-12,29766300,1.1
스파이더맨: 뉴 유니버스,40476,2018-12-12,313158050,11.2
스파이더맨: 뉴 유니버스,40476,2018-12-12,313158050,11.2
부탁 하나만 들어줘,17216,2018-12-12,139198300,5.0
그린치,11938,2018-12-19,80214500,1.6
마약왕,250106,2018-12-19,2045376200,41.0
아쿠아맨,145383,2018-12-19,1229668100,24.6
스윙키즈,102502,2018-12-19,776978000,15.6
스윙키즈,102502,2018-12-19,776978000,15.6
아쿠아맨,145383,2018-12-19,1229668100,24.6
마약왕,250106,2018-12-19,2045376200,41.0
그린치,11938,2018-12-19,80214500,1.6
극장판 포켓몬스터 모두의 이야기,6992,2018-12-19,51063450,1.0
극장판 포켓몬스터 모두의 이야기,6992,2018-12-19,51063450,1.0
범블비,441893,2018-12-25,3832868850,23.3
점박이 한반도의 공룡2 : 새로운 낙원,154579,2018-12-25,1234641300,7.5
점박이 한반도의 공룡2 : 새로운 낙원,154579,2018-12-25,1234641300,7.5
범블비,441893,2018-12-25,3832868850,23.3
PMC: 더 벙커,219234,2018-12-26,1365529550,30.2
PMC: 더 벙커,219234,2018-12-26,1365529550,30.2
언니,66686,2019-01-01,612798450,5.9
주먹왕 랄프 2: 인터넷 속으로,125882,2019-01-03,942808600,30.5
내안의 그놈,85238,2019-01-09,688757700,22.7
말모이,122458,2019-01-09,984040250,32.4
그린 북,12416,2019-01-09,104664150,3.4
극장판 공룡메카드: 타이니소어의 섬,57616,2019-01-10,405005750,12.4
빌리어네어 보이즈클럽,4146,2019-01-10,34529400,1.1
구스 베이비,9482,2019-01-16,62236950,2.3
그대 이름은 장미,14163,2019-01-16,110733670,4.0
언더독,18781,2019-01-16,139539100,5.1
미래의 미라이,16169,2019-01-16,124865980,4.5
글래스,71816,2019-01-17,615511580,21.4
몬스터 파크,4217,2019-01-23,27875750,0.7
극한직업,368582,2019-01-23,3004762990,73.2
가버나움,4442,2019-01-24,33522600,0.9
러브 유어셀프 인 서울,100191,2019-01-26,947048800,8.0
드래곤 길들이기 3,124517,2019-01-30,826467640,13.2
뺑반,253727,2019-01-30,1520316950,24.2
극장판 헬로카봇: 옴파로스 섬의 비밀,48839,2019-01-31,352468520,6.8
알리타: 배틀 엔젤,264263,2019-02-05,2662761200,16.9
레고 무비2,23045,2019-02-06,184113420,1.1
신밧드와 마법 양탄자,3056,2019-02-13,18684600,0.6
기묘한 가족,42736,2019-02-13,333932400,10.5
증인,81424,2019-02-13,633381650,20.0
해피 데스데이 2 유,72440,2019-02-14,572932790,14.4
드래곤볼 슈퍼: 브로리,7720,2019-02-14,60484890,1.5
메리 포핀스 리턴즈,27117,2019-02-14,213897590,5.4
명탐정 코난:전율의 악보,27534,2019-02-14,199918600,5.0
신데렐라:마법 반지의 비밀,14382,2019-02-20,98781860,2.7
사바하,184517,2019-02-20,1438049010,39.3
콜드 체이싱,19775,2019-02-20,153887290,4.2
자전차왕 엄복동,43408,2019-02-27,259362050,6.6
"어쩌다, 결혼",22216,2019-02-27,132134770,3.4
항거:유관순 이야기,99754,2019-02-27,581266750,14.8
캡틴 마블,461134,2019-03-06,3957930530,85.6
킹 오브 프리즘 -샤이니 세븐 스타즈-,1514,2019-03-07,12159750,0.4
철벽선생,3689,2019-03-14,31611000,1.6
이스케이프 룸,52817,2019-03-14,444984780,22.9
라스트 미션,11599,2019-03-14,89953480,4.6
1919 유관순,3017,2019-03-14,23149770,1.2
돈,165833,2019-03-20,1369138680,54.4
우상,27175,2019-03-20,222873850,8.9
악질경찰,33072,2019-03-20,270162120,10.7
양지의 그녀,2423,2019-03-21,19996470,0.8
페이트 스테이 나이트 헤븐즈필 제2장 로스트 버터플라이,5963,2019-03-21,49977700,2.0
덤보,24835,2019-03-27,143508030,4.1
장난스런 키스,30692,2019-03-27,178833530,5.2
어스,213624,2019-03-27,1319500490,38.0
더 길티,4254,2019-03-27,23665000,0.7
썬키스 패밀리,6246,2019-03-27,39471080,1.1
생일,45516,2019-04-03,357545220,17.3
로망,8814,2019-04-03,61761990,3.0
샤잠!,86809,2019-04-03,721173930,34.9
킹 오브 프리즘 –샤이니 세븐 스타즈- II 카케루x조지x미나토,1572,2019-04-04,12304850,0.7
공포의 묘지,18905,2019-04-10,156593270,10.2
파이브 피트,10050,2019-04-10,82566950,5.4
헬보이,36048,2019-04-10,291984020,18.9
바이스,11016,2019-04-11,86503500,5.9
아이 엠 마더,9013,2019-04-11,68726200,4.7
미성년,23357,2019-04-11,188405540,12.9
"다시, 봄",4124,2019-04-17,32372060,2.8
요로나의 저주,23480,2019-04-17,198250890,17.3
왓칭,8181,2019-04-17,64820050,5.7
크게 될 놈,14535,2019-04-18,108193550,9.6
어벤져스: 엔드게임,1338729,2019-04-24,9678989600,97.1
뽀로로 극장판 보물섬 대모험,16260,2019-04-25,113249440,1.5
안도 타다오,1032,2019-04-25,8281000,0.1
프렌즈: 둥지탈출,3020,2019-05-01,20698750,0.2
어글리 돌,12842,2019-05-01,89425540,0.9
나의 특별한 형제,133028,2019-05-01,1031612550,10.9
미스 스티븐스,1482,2019-05-02,11334150,0.3
킹 오브 프리즘 -샤이니 세븐 스타즈- Ⅲ 레오×유우×알렉,1455,2019-05-02,11449410,0.3
호텔 뭄바이,5723,2019-05-08,43591500,2.5
걸캅스,74718,2019-05-09,600962410,25.3
벤 이즈 백,1038,2019-05-09,7857700,0.3
명탐정 피카츄,27354,2019-05-09,222935100,9.4
라플라스의 마녀,1868,2019-05-09,15292100,0.6
악인전,175397,2019-05-15,1444258970,47.1
배심원들,25929,2019-05-15,204296220,6.7
나의 히어로 아카데미아 더 무비: 두 명의 히어로,2647,2019-05-16,21007850,0.8
서스페리아,4335,2019-05-16,37529150,1.4
교회오빠,3245,2019-05-16,25644390,0.9
어린 의뢰인,21262,2019-05-22,169077420,7.8
알라딘,72736,2019-05-23,616644460,25.2
더 보이,17628,2019-05-23,146359870,6.0
0.0MHz,31078,2019-05-29,194232300,5.4
고질라: 킹 오브 몬스터,88996,2019-05-29,610244780,17.0
킹 오브 프리즘 –샤이니 세븐 스타즈- IV 루이x신x언노운,1629,2019-05-30,12657490,0.2
기생충,568092,2019-05-30,4579290500,75.7
엑스맨: 다크 피닉스,122589,2019-06-05,1063810560,18.5
로켓맨,11888,2019-06-05,94429820,1.6
빅샤크2: 해저2만리,18294,2019-06-06,137771380,1.0
폴라로이드,3330,2019-06-06,28913660,0.2
맨 인 블랙: 인터내셔널,115203,2019-06-12,971377390,29.9
업사이드,5422,2019-06-13,44461600,1.5
천로역정: 천국을 찾아서,8053,2019-06-13,61486540,2.1
세상을 바꾼 변호인,3867,2019-06-13,28147300,0.9
롱 리브 더 킹: 목포 영웅,117538,2019-06-19,950490120,29.2
토이 스토리 4,141837,2019-06-20,1230056240,30.2
사탄의 인형,13453,2019-06-20,117109700,2.9
쓰리 세컨즈,1668,2019-06-20,13896950,0.3
애나벨 집으로,78044,2019-06-26,510093940,10.3
마담 싸이코,8639,2019-06-26,54619500,1.1
존 윅 3: 파라벨룸,132094,2019-06-26,849163060,17.2
비스트,58443,2019-06-26,358848190,7.3
스파이더맨: 파 프롬 홈,674423,2019-07-02,5618545280,79.0
진범,15307,2019-07-10,121532400,3.5
기방도령,47391,2019-07-10,373257370,10.9
극장판 엉덩이 탐정: 화려한 사건 수첩,6110,2019-07-11,46068680,1.5
미드소마,11875,2019-07-11,102639470,3.3
사일런스,9168,2019-07-17,76016880,1.8
라이온 킹,304793,2019-07-17,2644522480,63.6
명탐정 코난: 감청의 권,54935,2019-07-24,415329480,10.7
롱 샷,16316,2019-07-24,135980460,3.5
나랏말싸미,151261,2019-07-24,1187248450,30.6
레드슈즈,34635,2019-07-25,258030910,7.1
마이펫의 이중생활 2,175928,2019-07-31,1149515190,13.3
엑시트,489996,2019-07-31,3172131090,36.6
사자,380092,2019-07-31,2358170340,27.2
앵그리 버드 2: 독수리 왕국의 침공,24389,2019-08-07,175289190,2.4
브링 더 소울 : 더 무비,109242,2019-08-07,887162760,12.2
봉오동 전투,333867,2019-08-07,2641100940,36.2
김복동,5901,2019-08-08,46641400,0.8
분노의 질주: 홉스&쇼,351556,2019-08-14,2935002750,42.5
"안녕, 티라노: 영원히, 함께",14350,2019-08-14,103907360,1.5
원더랜드,9373,2019-08-14,63374970,0.9
암전,30566,2019-08-15,271626360,1.9
변신,97117,2019-08-21,817343910,21.9
광대들: 풍문조작단,83073,2019-08-21,662099850,17.7
애프터,8740,2019-08-22,72456620,2.0
커런트 워,34178,2019-08-22,295118800,8.2
유열의 음악앨범,173513,2019-08-28,1027952800,24.8
47미터 2,76468,2019-08-28,462471050,11.1
안나,16829,2019-08-28,106358400,2.6
벌새,3790,2019-08-29,29667590,1.1
극장판 헬로카봇 : 달나라를 구해줘!,27938,2019-09-04,202041420,9.4
그것: 두 번째 이야기,58276,2019-09-04,484698620,22.6
안녕 베일리,5520,2019-09-05,45212700,2.5
나쁜 녀석들: 더 무비,244335,2019-09-11,1970875550,34.9
"힘을 내요, 미스터 리",55320,2019-09-11,428802330,7.6
극장판 반지의 비밀일기,3353,2019-09-11,27236200,0.5
플레이모빌: 더 무비,3879,2019-09-11,27190000,0.5
타짜: 원 아이드 잭,332290,2019-09-11,2693258790,47.6
예스터데이,39393,2019-09-18,322355690,14.9
뷰티풀 보이,2574,2019-09-19,19464820,0.9
비뚤어진 집,1809,2019-09-19,13185260,0.6
애드 아스트라,47212,2019-09-19,404525360,19.1
장사리 : 잊혀진 영웅들,129938,2019-09-25,770367470,31.0
레플리카,8544,2019-09-25,52701990,2.1
양자물리학,53451,2019-09-25,323242370,13.0
원스 어폰 어 타임... 인 할리우드,47986,2019-09-25,289123600,11.6
더 룸,9911,2019-09-25,60560900,2.4
퍼펙트맨,77448,2019-10-02,607453440,12.0
조커,323409,2019-10-02,2680489690,52.7
가장 보통의 연애,145572,2019-10-02,1152655840,22.7
소피와 드래곤: 마법책의 비밀,2232,2019-10-02,16255500,0.3
오션스: 문어구출대작전,4483,2019-10-03,35324840,0.3
몬스터 하우스,14803,2019-10-03,119728200,1.1
제미니 맨,100685,2019-10-09,871767020,12.2
판소리 복서,4674,2019-10-09,38355640,0.5
쿵푸 보이,4172,2019-10-09,32698420,0.5
잃어버린 세계를 찾아서,7746,2019-10-09,60091300,0.8
버티고,1573,2019-10-16,12716380,0.8
너를 만난 여름,1974,2019-10-16,16888400,1.0
말레피센트 2,70017,2019-10-17,577899830,28.1
두번할까요,26734,2019-10-17,212052350,10.3
더 킹: 헨리 5세,2023,2019-10-23,15149720,0.7
람보 : 라스트 워,13011,2019-10-23,101459920,4.4
82년생 김지영,138761,2019-10-23,1105980170,48.3
날씨의 아이,71143,2019-10-30,429388720,10.1
터미네이터: 다크 페이트,269270,2019-10-30,1695339390,39.7
빅 위시,1356,2019-10-30,9429200,0.2
신의 한 수: 귀수편,176063,2019-11-07,1401876520,48.5
닥터 슬립,9372,2019-11-07,76805590,2.7
아담스 패밀리,11898,2019-11-07,92125120,3.2
좀비랜드: 더블 탭,20769,2019-11-13,171391350,6.4
어쩌다 룸메이트,1272,2019-11-13,10783500,0.4
엔젤 해즈 폴른,19641,2019-11-13,153357770,5.8
블랙머니,111652,2019-11-13,890600310,33.5
윤희에게,4512,2019-11-14,35146790,1.3
대통령의 7시간,2565,2019-11-14,21025980,0.8
아이리시맨,2747,2019-11-20,22784120,1.1
얼굴없는 보스,5881,2019-11-21,47652400,0.8
겨울왕국 2,606618,2019-11-21,4943457300,81.8
나를 찾아줘(한),108735,2019-11-27,650958700,12.5
허슬러,10002,2019-11-27,65310540,1.3
러브 앳,8746,2019-11-27,53647000,1.0
오피셜 시크릿,1714,2019-11-27,10429700,0.2
크롤,23553,2019-11-27,144546760,2.8
포드 V 페라리,52484,2019-12-04,435610970,15.4
나이브스 아웃,39346,2019-12-04,289515820,10.2
감쪽같은 그녀,35839,2019-12-04,257508580,9.1
굿 라이어,4023,2019-12-05,30939820,1.1
라스트 크리스마스,28656,2019-12-05,224196560,8.0
파비안느에 관한 진실,5916,2019-12-05,33541300,1.2
아내를 죽였다,16772,2019-12-11,132199500,4.5
쥬만지: 넥스트 레벨,109502,2019-12-11,860453620,29.1
카운트다운,8925,2019-12-12,69466500,2.6
시동,233340,2019-12-18,1843357430,54.8
신비아파트 극장판 하늘도깨비 대 요르문간드,22805,2019-12-19,171126580,3.1
"미안해요, 리키",2717,2019-12-19,19394080,0.3
백두산,450171,2019-12-19,3549081870,63.3
프린스 코기,7605,2019-12-24,50153860,0.6
캣츠,186889,2019-12-24,1565114230,19.3
눈의 여왕4,9093,2019-12-24,64915320,0.8
천문: 하늘에 묻는다,147537,2019-12-26,886118900,17.1
미드웨이,131880,2019-12-31,1071629520,15.0
